date,close,adj_close,open,high,low,volume
2023-03-27 00:50:39.058399,75088.03988107998,75088.03988107998,75078.07401717413,75357.5632180644,74324.74796776826,945524
2023-03-28 00:50:39.058399,75527.09945916852,75527.09945916852,75040.10713185142,75591.624927961,75006.51832709274,484903
2023-03-29 00:50:39.058399,75847.86357540867,75847.86357540867,75301.4429687151,75931.07090368343,75074.38570213385,874146
2023-03-30 00:50:39.058399,76041.34921290474,76041.34921290474,75592.97693230695,76421.81521987166,75092.73285573041,340084
2023-03-31 00:50:39.058399,76694.93123867658,76694.93123867658,75837.43848710075,77431.8412058882,75480.31505982328,766512
2023-04-03 00:50:39.058399,77556.02597689691,77556.02597689691,76710.56494725606,77827.47413627949,76645.33802055204,894328
2023-04-04 00:50:39.058399,78410.10849996678,78410.10849996678,77600.08820116626,78522.13526836196,77160.2185935527,462330
2023-04-05 00:50:39.058399,78714.28940769812,78714.28940769812,78540.95090138249,78962.60126375411,78428.65343619644,436865
2023-04-06 00:50:39.058399,79086.95552955948,79086.95552955948,78609.0627020076,79675.30140226871,78390.28520696642,135410
2023-04-07 00:50:39.058399,78375.71755146806,78375.71755146806,79472.27093456167,79617.5844672187,78000.84190001049,209184
2023-04-10 00:50:39.058399,78441.08473096116,78441.08473096116,78484.2545173892,78808.5585219828,78216.70782758377,837186
2023-04-11 00:50:39.058399,78648.99474814198,78648.99474814198,78455.77732460809,79391.57806935153,78387.18804895188,696825
2023-04-12 00:50:39.058399,79027.22756848729,79027.22756848729,78756.79166435986,79089.98489792607,78223.61785411021,529962
2023-04-13 00:50:39.058399,77912.76657285166,77912.76657285166,78903.04530896526,78931.37579269365,77562.74364284675,172277
2023-04-14 00:50:39.058399,78034.71175812912,78034.71175812912,77882.30911065725,78387.32623938826,77745.6085300627,689541
2023-04-17 00:50:39.058399,78128.78787353574,78128.78787353574,77875.12612083254,78329.49605196639,77416.95542627604,910714
2023-04-18 00:50:39.058399,79767.72624766431,79767.72624766431,78119.35602285399,80751.72644877568,77487.66022480329,892035
2023-04-19 00:50:39.058399,79984.30225166351,79984.30225166351,79851.37393115973,80204.08402698705,79832.85137221968,526431
2023-04-20 00:50:39.058399,80222.34090680805,80222.34090680805,80058.25786067035,80280.46801637349,79990.97309754355,923018
2023-04-21 00:50:39.058399,79437.71654303181,79437.71654303181,80571.81768982044,80928.11679477063,79252.39439320112,763882
2023-04-24 00:50:39.058399,78822.5189642703,78822.5189642703,79392.27039183635,79446.89640263318,78237.76040466782,999254
2023-04-25 00:50:39.058399,78932.6711727886,78932.6711727886,78820.49040784045,79009.024737322,78562.03241031744,491981
2023-04-26 00:50:39.058399,78539.82578782568,78539.82578782568,78545.65746474516,78609.95290766205,78388.67218532022,271067
2023-04-27 00:50:39.058399,77715.79558106263,77715.79558106263,78365.67938011102,78618.77484383181,77609.5085524114,548220
2023-04-28 00:50:39.058399,77766.47843643154,77766.47843643154,77451.88257904147,77954.5627763051,77427.2936226966,985658
2023-05-01 00:50:39.058399,76897.3649355545,76897.3649355545,77652.7732194658,77708.88252120002,76815.29999052378,290962
2023-05-02 00:50:39.058399,77340.79396553604,77340.79396553604,76887.98703541016,77584.39161483015,76824.11792026038,389777
2023-05-03 00:50:39.058399,77647.70881509648,77647.70881509648,77435.68863619963,77668.91612665038,77048.64075248412,502647
2023-05-04 00:50:39.058399,77678.38363680773,77678.38363680773,77627.19740669303,77764.67120982672,77469.22201372894,428103
2023-05-05 00:50:39.058399,77333.31196155152,77333.31196155152,77861.56880141636,77986.73493393941,76727.59800816735,882447
2023-05-08 00:50:39.058399,78251.11688365955,78251.11688365955,77713.6561545122,78688.05854054869,77474.89930883463,180022
2023-05-09 00:50:39.058399,78527.71553879109,78527.71553879109,78360.17262437096,78802.08965893874,78105.35476651796,854349
2023-05-10 00:50:39.058399,78035.03526579865,78035.03526579865,78639.15043962385,78811.95256010228,78009.85584284054,123702
2023-05-11 00:50:39.058399,78749.45352931887,78749.45352931887,78110.82734470704,78890.99522198047,77916.05864101014,540536
2023-05-12 00:50:39.058399,79280.08178394439,79280.08178394439,78550.04871798513,79487.88337622365,78494.72421872543,558687
2023-05-15 00:50:39.058399,78959.4110591702,78959.4110591702,79225.95117618443,79949.73028975732,78402.2648744728,341999
2023-05-16 00:50:39.058399,79481.8217982496,79481.8217982496,78764.35162712808,79623.96286902041,78628.39007972452,688292
2023-05-17 00:50:39.058399,79214.90960139158,79214.90960139158,79408.77272092107,79425.67230061641,79123.606629661,534867
2023-05-18 00:50:39.058399,80369.53873233976,80369.53873233976,79049.83368111395,80426.04448415923,79030.36539026322,975512
2023-05-19 00:50:39.058399,80023.9685211061,80023.9685211061,80428.78169932129,81478.6747533162,79752.83239992974,415292
2023-05-22 00:50:39.058399,81414.62642164239,81414.62642164239,80395.90791144462,81682.08319194824,80353.64834601757,115242
2023-05-23 00:50:39.058399,81376.32376460319,81376.32376460319,81321.55094869004,81693.89701183452,80877.44985160299,848132
2023-05-24 00:50:39.058399,80587.9906692722,80587.9906692722,81526.77521127496,81960.16240218369,80435.43123309407,234256
2023-05-25 00:50:39.058399,79541.71156872158,79541.71156872158,80521.42648422577,80727.71387069301,79003.51902398106,566140
2023-05-26 00:50:39.058399,78359.890097261,78359.890097261,79353.06240539945,79750.48115572263,78329.55554047217,743562
2023-05-29 00:50:39.058399,77860.46078155472,77860.46078155472,78168.835390958,78226.3566009369,77744.42198631793,441346
2023-05-30 00:50:39.058399,78005.20484233265,78005.20484233265,77655.97221812807,78267.61473988486,77547.09437582514,297590
2023-05-31 00:50:39.058399,77045.82825820446,77045.82825820446,78090.62156228635,78699.63613331424,76672.10500027782,241449
2023-06-01 00:50:39.058399,77792.79327527026,77792.79327527026,76874.05841536428,78114.09661500654,76337.77803648873,953466
2023-06-02 00:50:39.058399,77821.71369300876,77821.71369300876,77747.35207380014,77894.25178062097,77668.26023858014,542102
2023-06-05 00:50:39.058399,77910.37855776287,77910.37855776287,77903.58303271758,78268.0910478441,77498.23023171618,473396
2023-06-06 00:50:39.058399,77328.25836325657,77328.25836325657,77954.16874625282,78234.52047314377,77076.31005614466,581580
2023-06-07 00:50:39.058399,78104.36483414327,78104.36483414327,77347.84191550473,78383.61663653217,77231.42271083947,109707
2023-06-08 00:50:39.058399,77538.5743653685,77538.5743653685,78106.64131037661,78486.09624596909,76974.18472119847,648208
2023-06-09 00:50:39.058399,77118.39609163805,77118.39609163805,77835.03839995287,78760.82032914857,77098.0560506007,119132
2023-06-12 00:50:39.058399,76330.96288258377,76330.96288258377,77173.26879503568,77253.41152323566,76195.98211589208,331142
2023-06-13 00:50:39.058399,77182.26500814977,77182.26500814977,76117.13723899712,77479.57620844098,76005.56965353692,259564
2023-06-14 00:50:39.058399,75869.83740411254,75869.83740411254,77230.7376456018,77500.08536249773,75109.05021135199,277510
2023-06-15 00:50:39.058399,75587.2245575495,75587.2245575495,75774.56350816906,75824.0984126401,74969.16344956857,907429
2023-06-16 00:50:39.058399,77144.37271792183,77144.37271792183,75811.50254820129,77890.80040012443,75795.8510387812,680087
2023-06-19 00:50:39.058399,78231.41827299673,78231.41827299673,76855.41641773074,78285.80145857166,76795.47181855919,839069
2023-06-20 00:50:39.058399,78198.46582428405,78198.46582428405,78061.31864717833,78749.17784947825,77966.06024415333,879562
2023-06-21 00:50:39.058399,78312.02037908023,78312.02037908023,78134.33709539354,78566.71507703523,78060.34891479941,707947
2023-06-22 00:50:39.058399,78353.95368712085,78353.95368712085,77966.8895494266,78545.0681614836,77890.88425642291,192054
2023-06-23 00:50:39.058399,77637.71634901594,77637.71634901594,78300.07343399095,78678.8239545659,77446.62387833993,816042
2023-06-26 00:50:39.058399,77699.62797954104,77699.62797954104,77649.08419455634,77807.12816334165,77348.34315028692,219834
2023-06-27 00:50:39.058399,77372.40080928497,77372.40080928497,77781.12281958075,78235.12093584822,77244.57925891037,517630
2023-06-28 00:50:39.058399,76458.12290006079,76458.12290006079,77567.42328959043,77591.8553417644,76361.61054805157,821820
2023-06-29 00:50:39.058399,77002.4885312934,77002.4885312934,76596.87286192316,77610.71941126909,76576.53432998323,370766
2023-06-30 00:50:39.058399,77931.23625794364,77931.23625794364,76657.31038427902,78178.98093215864,76586.37018733108,481767
2023-07-03 00:50:39.058399,77201.0840440528,77201.0840440528,78016.62492085915,78549.00384961834,77101.14115517598,120642
2023-07-04 00:50:39.058399,75589.99847122033,75589.99847122033,77172.10587384712,77519.5095860628,75462.85867319042,180794
2023-07-05 00:50:39.058399,75244.6860731999,75244.6860731999,75873.8582843167,76044.96622856215,74786.66683739236,753558
2023-07-06 00:50:39.058399,75833.60655788254,75833.60655788254,75210.32934674565,75873.1245401476,74979.12985846549,487976
2023-07-07 00:50:39.058399,76553.73580037976,76553.73580037976,76145.44307839588,76559.50219564627,76076.54600519966,302937
2023-07-10 00:50:39.058399,77528.6482906525,77528.6482906525,76695.32542582822,78488.10848313452,75679.67291724832,132870
2023-07-11 00:50:39.058399,77836.1772802435,77836.1772802435,77833.17152055148,77868.0792122551,77786.3811516213,281320
2023-07-12 00:50:39.058399,77730.920564137,77730.920564137,77766.72120711328,78016.65489753483,77583.51617400699,545956
2023-07-13 00:50:39.058399,78874.54056944823,78874.54056944823,77666.76293915209,79120.76946256842,77169.33849517304,134866
2023-07-14 00:50:39.058399,78613.76604530039,78613.76604530039,78924.38871879803,79295.85099507835,78193.82451929324,236927
2023-07-17 00:50:39.058399,80063.15371521898,80063.15371521898,78306.85975275106,80340.33591493484,78125.30196528987,216135
2023-07-18 00:50:39.058399,79802.58667771239,79802.58667771239,79893.19237890132,79939.02224603732,79470.32537042286,438259
2023-07-19 00:50:39.058399,80517.30032414845,80517.30032414845,79929.01549836659,81221.15987736805,79256.38151645882,263195
2023-07-20 00:50:39.058399,78563.2713973235,78563.2713973235,80317.37296188141,80989.55326684681,78381.94457584122,652271
2023-07-21 00:50:39.058399,78809.1668542421,78809.1668542421,78350.73322862019,78967.81619287396,78013.81695344471,356700
2023-07-24 00:50:39.058399,80266.30000236508,80266.30000236508,78890.94356579627,80402.0201150127,78539.382534339,782400
2023-07-25 00:50:39.058399,81134.8255112787,81134.8255112787,80236.72746429115,81252.42444669045,79901.6001568844,667800
2023-07-26 00:50:39.058399,81695.12286371141,81695.12286371141,81146.38515063241,81874.05530668408,80215.39099316786,986334
2023-07-27 00:50:39.058399,81537.98763105954,81537.98763105954,81719.29456430272,82330.64908889841,81186.9602290371,304053
2023-07-28 00:50:39.058399,83032.05702479943,83032.05702479943,81545.74795819275,83177.31418665033,81409.65842072398,629865
2023-07-31 00:50:39.058399,82023.35685766114,82023.35685766114,82762.25143132523,83359.72135844304,81212.50712233646,623523
2023-08-01 00:50:39.058399,81975.85239318653,81975.85239318653,81988.71686685394,82156.70491769933,81774.75485150843,296312
2023-08-02 00:50:39.058399,83168.56852510899,83168.56852510899,81711.64579610326,83271.55146774315,81394.66816882436,705124
2023-08-03 00:50:39.058399,82119.72186778384,82119.72186778384,83146.79653868426,83546.00975253413,81450.80217915999,796025
2023-08-04 00:50:39.058399,83487.6589883728,83487.6589883728,81947.50247402336,83741.41249723991,81556.24768180681,269410
2023-08-07 00:50:39.058399,83508.0132858319,83508.0132858319,83507.05238655221,83713.38815060398,83333.36887014509,704875
2023-08-08 00:50:39.058399,84650.66750029245,84650.66750029245,83452.20057498055,85350.88246469444,83276.93114470209,885343
2023-08-09 00:50:39.058399,85468.51490142352,85468.51490142352,84828.1943614354,86312.87443111023,84238.90902867417,113378
2023-08-10 00:50:39.058399,86782.85936894742,86782.85936894742,85242.36681072325,86857.10917293713,84253.87560695875,452636
2023-08-11 00:50:39.058399,87429.68803411271,87429.68803411271,87117.20234484099,87438.94479847074,86674.89465369907,299544
2023-08-14 00:50:39.058399,87066.04415185498,87066.04415185498,87249.00731457595,87452.1476245016,87050.04834070636,607887
2023-08-15 00:50:39.058399,86511.85730344837,86511.85730344837,87344.02671613192,87634.68525581411,86198.08948969316,240049
2023-08-16 00:50:39.058399,84229.10515330888,84229.10515330888,86652.10544911902,86883.63828775019,83661.9555278867,261930
2023-08-17 00:50:39.058399,84127.79643276297,84127.79643276297,84347.84180636614,84736.75768915092,83710.9069190121,947641
2023-08-18 00:50:39.058399,85268.94074179529,85268.94074179529,84325.97595662494,85339.8369476436,83578.21820695534,916295
2023-08-21 00:50:39.058399,85485.26978769315,85485.26978769315,85161.0123032474,86053.30391388935,84969.37432113773,416157
2023-08-22 00:50:39.058399,83636.47501076803,83636.47501076803,85616.23913848524,86673.35493112094,83370.06436768772,674164
2023-08-23 00:50:39.058399,83561.74844149551,83561.74844149551,83321.07036034197,84004.10935312277,83087.29676217327,728363
2023-08-24 00:50:39.058399,84246.1761544517,84246.1761544517,83370.82910047795,84406.22737301931,83027.52810460849,663675
2023-08-25 00:50:39.058399,82485.02011451374,82485.02011451374,84434.08003479055,84731.97970479153,82135.28666052669,514033
2023-08-28 00:50:39.058399,82748.80071836969,82748.80071836969,82183.73960139517,82890.67063999493,82157.4708844928,811760
2023-08-29 00:50:39.058399,81822.1809245614,81822.1809245614,82482.40902068454,82963.32004842468,81425.4665639554,947444
2023-08-30 00:50:39.058399,81282.49889165483,81282.49889165483,81669.06799322789,81885.21265795584,80822.90797603564,974740
2023-08-31 00:50:39.058399,82271.48294482347,82271.48294482347,81152.65825881527,82568.90915957361,80683.37264557306,756495
2023-09-01 00:50:39.058399,82151.86303146195,82151.86303146195,82388.7540586298,82714.47232470212,81893.30704154451,609823
2023-09-04 00:50:39.058399,82926.55999618272,82926.55999618272,82074.02073309854,82989.594747819,81975.19730840327,814672
2023-09-05 00:50:39.058399,83989.01715765477,83989.01715765477,82966.89945784185,84089.67044060423,82251.24861937262,314084
2023-09-06 00:50:39.058399,83665.60690620246,83665.60690620246,83896.49153454893,83955.17995016303,83552.68298835513,512624
2023-09-07 00:50:39.058399,85622.14251639045,85622.14251639045,83853.51662569186,85856.14110949906,83438.02920288134,722506
2023-09-08 00:50:39.058399,86620.8210134603,86620.8210134603,85288.17773704966,86884.89723252291,84793.19020586743,100457
2023-09-11 00:50:39.058399,86417.54402783552,86417.54402783552,86639.16225701942,86820.39962353742,85861.03617341485,171495
2023-09-12 00:50:39.058399,87427.18238213129,87427.18238213129,86663.31346166138,87801.95861281903,86594.98053653943,568680
2023-09-13 00:50:39.058399,86325.22020907303,86325.22020907303,87617.34559250278,87797.63897526065,86035.65625407531,398670
2023-09-14 00:50:39.058399,83517.42389753701,83517.42389753701,86336.2820959875,86411.5489690884,83386.69916303335,845215
2023-09-15 00:50:39.058399,82846.958215145,82846.958215145,83630.28044594287,83704.42724386351,82507.75777916412,303377
2023-09-18 00:50:39.058399,83934.38437026856,83934.38437026856,82915.58713872122,83965.23421509656,82623.16722962206,959111
2023-09-19 00:50:39.058399,86308.93335860927,86308.93335860927,83936.37171179404,86745.32626198055,83695.53912053992,859035
2023-09-20 00:50:39.058399,85478.06251685032,85478.06251685032,86153.3602798085,86161.81387614319,85257.63856209385,883659
2023-09-21 00:50:39.058399,85859.24606421866,85859.24606421866,85590.5741459865,86641.92579880789,85562.01950582616,982673
2023-09-22 00:50:39.058399,85601.8284905645,85601.8284905645,85890.33273467046,86373.61563293001,85395.37229457307,318306
2023-09-25 00:50:39.058399,85283.00895053757,85283.00895053757,85539.30468567494,86108.4147043404,84894.31177471424,392923
2023-09-26 00:50:39.058399,84048.01865740167,84048.01865740167,85190.41798895324,85470.67233210249,83940.39979063101,590576
2023-09-27 00:50:39.058399,84628.37636680227,84628.37636680227,83953.9815771999,84790.11217607312,83556.07807230217,366273
2023-09-28 00:50:39.058399,85173.7152810638,85173.7152810638,84419.84642922478,85505.56101469217,83874.73160907278,644945
2023-09-29 00:50:39.058399,84379.11007730078,84379.11007730078,85036.37942811812,85218.87132013719,84288.8991219926,863458
2023-10-02 00:50:39.058399,84019.6132591636,84019.6132591636,84283.1950082694,84300.07240046082,83414.52997474892,144914
2023-10-03 00:50:39.058399,83990.68079333183,83990.68079333183,83910.67154362045,84369.48927166048,83859.13987406131,572648
2023-10-04 00:50:39.058399,83263.24518732661,83263.24518732661,83953.4749486384,84223.40648591222,83174.14396912043,339187
2023-10-05 00:50:39.058399,82969.19622802359,82969.19622802359,83351.43511386124,83709.78672660298,82572.0481943354,235020
2023-10-06 00:50:39.058399,82678.43120301972,82678.43120301972,82978.83153270111,83295.8185264456,82631.88267237414,681899
2023-10-09 00:50:39.058399,82082.25548441448,82082.25548441448,82499.05834823652,83076.77486896199,81770.04463902225,268801
2023-10-10 00:50:39.058399,82429.59834192837,82429.59834192837,82137.35968037968,82961.64882134249,81740.56779053778,685218
2023-10-11 00:50:39.058399,83301.86775278646,83301.86775278646,82579.74627290398,83346.22743246544,82259.04127711599,711479
2023-10-12 00:50:39.058399,83233.02281986391,83233.02281986391,83428.24192570786,83900.48323063542,83225.4278100904,646119
2023-10-13 00:50:39.058399,83426.05740987227,83426.05740987227,83401.34325532874,83726.0982728598,83155.71017939533,502823
2023-10-16 00:50:39.058399,83618.64038664212,83618.64038664212,83354.10814866328,83812.57356307494,83007.24433716413,825113
2023-10-17 00:50:39.058399,83308.22862690431,83308.22862690431,83776.15094572751,83999.76737615062,83275.79919348031,509804
2023-10-18 00:50:39.058399,83625.67158091126,83625.67158091126,83476.901968563,83853.7823904496,82488.88265991306,534804
2023-10-19 00:50:39.058399,83741.52173662848,83741.52173662848,83607.149662473,83948.03165039334,83116.69011457927,918497
2023-10-20 00:50:39.058399,84625.2838680895,84625.2838680895,83729.72185620537,84818.79892342942,83180.11995341642,109911
2023-10-23 00:50:39.058399,84000.57480964503,84000.57480964503,84755.74347294353,85128.90834344657,83736.70510761687,565260
2023-10-24 00:50:39.058399,84316.32343147491,84316.32343147491,84285.12304768772,84763.7370650972,83959.5452762221,360147
2023-10-25 00:50:39.058399,84147.46540380728,84147.46540380728,84220.74772440121,84580.33064753466,84106.4912484794,837140
2023-10-26 00:50:39.058399,83667.12015887287,83667.12015887287,84680.88746756701,84885.96774188177,83289.54410412342,741512
2023-10-27 00:50:39.058399,84780.47057838393,84780.47057838393,83778.12942278694,84958.37816573486,83703.32145542753,772659
2023-10-30 00:50:39.058399,83843.4520443379,83843.4520443379,84636.74773317038,85098.65457788314,82900.90141760909,789284
2023-10-31 00:50:39.058399,83619.6742325775,83619.6742325775,83959.8832371306,84607.58386032387,83203.59668764216,972210
2023-11-01 00:50:39.058399,82968.03185054677,82968.03185054677,83584.76399356035,83949.93979964344,82450.97130059011,938427
2023-11-02 00:50:39.058399,83268.26336895199,83268.26336895199,82951.57175366965,83792.80352915048,82331.90319501035,614954
2023-11-03 00:50:39.058399,83668.99178788695,83668.99178788695,82826.00029909349,84222.77811565602,82579.25453140867,108090
2023-11-06 00:50:39.058399,83592.39949045087,83592.39949045087,83847.66228576073,84380.26324011755,83259.95212214379,529804
2023-11-07 00:50:39.058399,82670.995456343,82670.995456343,83508.9535311845,83549.67519440308,82458.5181083636,842516
2023-11-08 00:50:39.058399,82745.50219832294,82745.50219832294,82664.96475267585,83194.86059696494,82151.3940923816,926372
2023-11-09 00:50:39.058399,82288.21705049681,82288.21705049681,82493.5263129396,82500.22094024117,82282.67228595103,311034
2023-11-10 00:50:39.058399,81762.56441752822,81762.56441752822,82085.06667974278,82586.18590207338,81321.29861294216,440895
2023-11-13 00:50:39.058399,81306.17954918896,81306.17954918896,81794.14124285823,82222.60054835804,81300.74461718973,620872
2023-11-14 00:50:39.058399,81892.93697124124,81892.93697124124,81413.89388369214,82183.96863013793,81147.72909949225,781911
2023-11-15 00:50:39.058399,81523.15987206096,81523.15987206096,82044.01619456187,82537.92564061322,80466.48492574024,622833
2023-11-16 00:50:39.058399,82187.76465007875,82187.76465007875,81236.50121644618,82488.44079430828,80644.69769611399,344948
2023-11-17 00:50:39.058399,81780.2062167911,81780.2062167911,82627.09714826087,83339.3242751009,80710.80419839002,413991
2023-11-20 00:50:39.058399,80248.53729081224,80248.53729081224,81771.64425504666,82295.54099820094,79985.74621721596,327595
2023-11-21 00:50:39.058399,81870.23192853283,81870.23192853283,80251.28223859688,82275.706045013,80106.28673464835,224279
2023-11-22 00:50:39.058399,81524.46946809215,81524.46946809215,81755.72771206818,82095.22956131163,81423.78760114401,801494
2023-11-23 00:50:39.058399,82024.27286550365,82024.27286550365,81437.26306302118,82199.23614199234,81293.16736278275,103888
2023-11-24 00:50:39.058399,81686.87390584695,81686.87390584695,82039.31532377757,82093.1755097154,81457.96448475072,512315
2023-11-27 00:50:39.058399,81537.11761467364,81537.11761467364,81641.46234594127,81684.33440738905,81480.6579070736,325462
2023-11-28 00:50:39.058399,82348.10796798223,82348.10796798223,81471.46000988805,82416.52200817812,81394.6086725042,780950
2023-11-29 00:50:39.058399,80760.18203884883,80760.18203884883,82180.83900563158,82243.1329796742,80138.3928863359,339748
2023-11-30 00:50:39.058399,79168.321921834,79168.321921834,80909.10314324603,81133.23736172059,79052.82968551117,633991
2023-12-01 00:50:39.058399,76872.4753133782,76872.4753133782,79288.64531639821,79638.876306465,76790.55112069884,190105
2023-12-04 00:50:39.058399,77782.02912894441,77782.02912894441,76874.78961689965,78145.84102454483,76697.5862653679,264089
2023-12-05 00:50:39.058399,76492.85505297537,76492.85505297537,77545.61678603082,77956.02336640602,76249.66111099235,850843
2023-12-06 00:50:39.058399,76133.40436802988,76133.40436802988,76160.25939867098,76241.95210947256,76025.14997826437,380949
2023-12-07 00:50:39.058399,76025.66812696011,76025.66812696011,76049.4219037555,76458.73117097178,75824.58024624625,645392
2023-12-08 00:50:39.058399,76764.61484006362,76764.61484006362,75734.07318165699,77075.75080631796,75110.69358985114,793092
2023-12-11 00:50:39.058399,76331.14774886919,76331.14774886919,77058.58104489472,77228.86174989051,75877.5625359359,685364
2023-12-12 00:50:39.058399,75332.34059831238,75332.34059831238,76242.76168567549,76327.881015558,75005.9708810195,873643
2023-12-13 00:50:39.058399,76147.3713350789,76147.3713350789,75550.74091049714,76394.63663505518,75532.92714979619,901951
2023-12-14 00:50:39.058399,76508.83695122639,76508.83695122639,76244.3863982947,76869.9980813078,75884.93567548823,194482
2023-12-15 00:50:39.058399,75842.7154080372,75842.7154080372,76456.21293721854,76710.76774449646,75517.60260614165,690922
2023-12-18 00:50:39.058399,76699.90706579122,76699.90706579122,76167.99792679229,76830.55593802228,75971.10893288914,895646
2023-12-19 00:50:39.058399,76733.55837038308,76733.55837038308,76704.66626532676,77100.43315709321,76179.26747838124,353662
2023-12-20 00:50:39.058399,76553.65766593468,76553.65766593468,76758.36415037439,77405.27380990317,76105.31249912313,352988
2023-12-21 00:50:39.058399,76494.09870778845,76494.09870778845,76332.74117045896,76817.37473880943,75915.63460247274,158127
2023-12-22 00:50:39.058399,76597.82064539216,76597.82064539216,76399.77280853443,76634.21002976861,76369.07206178847,267230
2023-12-25 00:50:39.058399,77171.16569401001,77171.16569401001,76576.02583346698,77449.5811765007,76337.35726538926,363650
2023-12-26 00:50:39.058399,77495.65772364836,77495.65772364836,77267.22056851507,78112.46524807127,77200.9212453266,619228
2023-12-27 00:50:39.058399,76617.79784770035,76617.79784770035,77610.56193703267,77938.8751772175,76559.35880032019,885267
2023-12-28 00:50:39.058399,76255.53070591584,76255.53070591584,76248.03460068085,76557.35605651795,76029.54905045287,922982
2023-12-29 00:50:39.058399,76139.94789119379,76139.94789119379,76394.33912468597,76611.6863966232,75843.77766159612,292933
2024-01-01 00:50:39.058399,76143.8901328231,76143.8901328231,76110.77982088005,76161.64140670799,75874.96778660186,234080
2024-01-02 00:50:39.058399,76445.91814758032,76445.91814758032,76357.11692687504,76559.32807990634,76166.26520210407,332574
2024-01-03 00:50:39.058399,77637.96972807868,77637.96972807868,76344.41441950918,78472.26165508787,76338.72489366973,813442
2024-01-04 00:50:39.058399,76473.314365528,76473.314365528,77640.94829300634,77903.95083123657,76319.33408000851,893330
2024-01-05 00:50:39.058399,76403.61268522656,76403.61268522656,76483.55143648165,76838.82427558467,75533.54520588188,697271
2024-01-08 00:50:39.058399,75493.03845133651,75493.03845133651,76413.90724598034,76653.95978082961,75323.7624476457,391089
2024-01-09 00:50:39.058399,76621.03046254619,76621.03046254619,75447.6156625383,76725.36032963337,75276.42047733115,382571
2024-01-10 00:50:39.058399,77463.90455206101,77463.90455206101,76559.59441075775,77977.78073314727,76387.04094508749,129364
2024-01-11 00:50:39.058399,76391.51379881788,76391.51379881788,77501.28440461562,77894.35646676533,76220.48125117083,468632
2024-01-12 00:50:39.058399,77479.44250568096,77479.44250568096,76458.25211007375,77882.42550089583,76098.5564503665,225009
2024-01-15 00:50:39.058399,78352.41071808255,78352.41071808255,77546.24494779488,78855.11334590657,77293.24580373714,891044
2024-01-16 00:50:39.058399,78723.86688529537,78723.86688529537,78311.81585627102,78817.32209038245,77900.32243911366,246409
2024-01-17 00:50:39.058399,78081.05150768756,78081.05150768756,78619.39382538632,79771.81689970025,77908.26388008536,940841
2024-01-18 00:50:39.058399,78703.63363182236,78703.63363182236,77882.84644334474,79515.41518971568,77229.72810272322,794306
2024-01-19 00:50:39.058399,79041.08068320595,79041.08068320595,78894.71402967082,79193.53703638451,78805.3247059168,825961
2024-01-22 00:50:39.058399,79120.41692051891,79120.41692051891,79033.65984006715,79454.84676616524,79024.0956908331,182146
2024-01-23 00:50:39.058399,78971.62427306354,78971.62427306354,79304.85408821712,80017.04175729818,78851.3443384848,352888
2024-01-24 00:50:39.058399,77299.6591585548,77299.6591585548,78879.31479085224,79007.40285323364,77139.53640217276,720594
2024-01-25 00:50:39.058399,78230.1726095122,78230.1726095122,77214.8206908284,78527.63711113152,77189.5254852922,469881
2024-01-26 00:50:39.058399,78032.59788724693,78032.59788724693,78366.58392896812,78396.99468344572,77737.11071887982,843460
2024-01-29 00:50:39.058399,80174.03560484797,80174.03560484797,77923.09707020772,80587.46321013331,77314.58009247416,158327
2024-01-30 00:50:39.058399,80783.8392825463,80783.8392825463,80257.1277861994,81026.31251792525,79816.91395740211,704151
2024-01-31 00:50:39.058399,80475.21875563571,80475.21875563571,80827.2066874326,81705.90248734507,80108.21438910565,193581
2024-02-01 00:50:39.058399,81068.97441506184,81068.97441506184,80412.60619850359,81467.26247879466,79978.78714235852,847305
2024-02-02 00:50:39.058399,80815.2898113048,80815.2898113048,81325.49672938512,81620.73657474782,80286.23116731447,893498
2024-02-05 00:50:39.058399,82813.73046740165,82813.73046740165,80664.29920006964,83045.63262420616,80312.67831960467,320093
2024-02-06 00:50:39.058399,83339.89877910724,83339.89877910724,82787.20248201987,83434.64929474187,82267.7935906336,642224
2024-02-07 00:50:39.058399,82246.80353008342,82246.80353008342,83511.58963609333,83763.04680158471,82097.62254813821,138265
2024-02-08 00:50:39.058399,80881.86693638122,80881.86693638122,82130.36043656642,82143.9823360883,80769.52599129736,366621
2024-02-09 00:50:39.058399,81223.82675690502,81223.82675690502,80862.75841101287,81442.49786148,80303.0436042678,927161
2024-02-12 00:50:39.058399,80327.3614841784,80327.3614841784,80978.338616676,81791.19210451984,80003.29800858577,974422
2024-02-13 00:50:39.058399,80962.16942415043,80962.16942415043,80619.92292287367,81147.39167581033,80008.4519447834,706796
2024-02-14 00:50:39.058399,80581.59740324077,80581.59740324077,80768.69183832413,80949.21563970306,79799.00234988432,992382
2024-02-15 00:50:39.058399,80666.10299862949,80666.10299862949,80474.0016835499,80741.97641058502,80224.3551187172,504175
2024-02-16 00:50:39.058399,80377.92703912595,80377.92703912595,80604.38974770348,81683.86665761175,80264.9053601286,703198
2024-02-19 00:50:39.058399,81607.10061249236,81607.10061249236,80617.18767989242,81887.37145780206,80413.86994586169,580977
2024-02-20 00:50:39.058399,83115.02149352383,83115.02149352383,81656.07588545993,83146.43888494022,81286.73749755253,753666
2024-02-21 00:50:39.058399,83825.54383153163,83825.54383153163,82905.56114917413,84150.70611053442,82505.47555050289,259851
2024-02-22 00:50:39.058399,82862.58053392882,82862.58053392882,83636.95534437304,84254.40579215305,82469.45714398214,684776
2024-02-23 00:50:39.058399,82602.87573588832,82602.87573588832,82839.17822625779,82991.88029003191,82125.65549443397,432596
2024-02-26 00:50:39.058399,80608.15544271062,80608.15544271062,82432.94822477891,82445.50968752922,80459.59877855793,875517
2024-02-27 00:50:39.058399,79817.85610353985,79817.85610353985,80876.02045383402,80927.85796990203,79394.95201130176,587118
2024-02-28 00:50:39.058399,81023.91283412228,81023.91283412228,79894.53376710352,81192.62066289803,79739.45097968786,245817
2024-02-29 00:50:39.058399,79439.4829249821,79439.4829249821,80861.05262250717,81268.52563860574,78969.35116920281,318844
2024-03-01 00:50:39.058399,79890.23650517802,79890.23650517802,79491.97726803282,81057.50280264858,79012.97125951103,432286
2024-03-04 00:50:39.058399,79310.12496680707,79310.12496680707,80004.91210320791,80124.19954379318,79187.27443066597,106736
2024-03-05 00:50:39.058399,78955.78562866054,78955.78562866054,79196.27218070168,79315.18302408227,78533.35230195001,261536
2024-03-06 00:50:39.058399,79172.31261781091,79172.31261781091,78830.98767606501,79448.65066037899,78268.73979707586,449476
2024-03-07 00:50:39.058399,79580.17765865901,79580.17765865901,79264.123458524,79612.24581862932,78988.17899945402,342928
2024-03-08 00:50:39.058399,79152.37248317791,79152.37248317791,79668.31128447995,80299.17004430118,79022.36828389157,653824
2024-03-11 00:50:39.058399,79373.79957077063,79373.79957077063,79366.84972570707,80312.76601320045,79349.05248583437,839247
2024-03-12 00:50:39.058399,78962.73962307182,78962.73962307182,79442.52905953267,79711.39359589508,78842.42767609218,169959
2024-03-13 00:50:39.058399,78554.44573564889,78554.44573564889,79078.21207889279,79161.95893714669,78285.52977426966,264413
2024-03-14 00:50:39.058399,78087.36253518598,78087.36253518598,78618.36283228226,78758.04801035504,77944.42546044155,346585
2024-03-15 00:50:39.058399,78421.49862118551,78421.49862118551,77893.77091269639,78674.52147838357,77622.90184208719,137974
2024-03-18 00:50:39.058399,78373.6344945243,78373.6344945243,78249.10629536101,78697.04364686797,77927.25540628433,326224
2024-03-19 00:50:39.058399,78649.5315292181,78649.5315292181,78468.6071562871,78934.50126432312,78269.80257732012,598838
2024-03-20 00:50:39.058399,77357.94208337745,77357.94208337745,78447.91661376914,78636.95679484397,77234.52500556647,956883
2024-03-21 00:50:39.058399,75857.92638076558,75857.92638076558,77113.38846316113,77260.43491426203,75413.87474223376,494134
2024-03-22 00:50:39.058399,75012.54640925342,75012.54640925342,75694.94803144386,75976.01675882563,74843.61311058972,707125
2024-03-25 00:50:39.058399,74607.12256863422,74607.12256863422,74767.29374888138,75448.00832371876,74467.21888001687,997312
2024-03-26 00:50:39.058399,74178.34568082582,74178.34568082582,74427.05428884133,74721.2876721474,74148.75792736361,533454
2024-03-27 00:50:39.058399,73543.19936511168,73543.19936511168,74025.184841748,74090.04103708103,73102.77155785363,684460
2024-03-28 00:50:39.058399,73999.51987376447,73999.51987376447,73573.95292927713,74464.11290670183,73366.62907214645,237248
2024-03-29 00:50:39.058399,74526.09023105494,74526.09023105494,73792.53261715343,74730.43774214924,73406.52500950768,837021
2024-04-01 00:50:39.058399,74383.91112486468,74383.91112486468,74823.53902979534,75068.97706940855,74265.06939365843,258077
2024-04-02 00:50:39.058399,75003.64422889474,75003.64422889474,74813.75941261505,75403.63847199967,74703.05432818898,156146
2024-04-03 00:50:39.058399,75255.5166545493,75255.5166545493,74979.8037017984,75396.94759535514,74880.93192670387,430952
2024-04-04 00:50:39.058399,74894.69712925887,74894.69712925887,75259.71774622845,75444.42970709865,74851.22257797564,745743
2024-04-05 00:50:39.058399,75357.8743356052,75357.8743356052,74886.71175035616,75710.81433403854,74465.72560019053,820163
2024-04-08 00:50:39.058399,76577.5327706405,76577.5327706405,75671.66541687236,76998.91071790287,75431.70331125201,375895
2024-04-09 00:50:39.058399,76679.97631153405,76679.97631153405,76409.71797018692,76834.63710093587,75998.3219229976,770965
2024-04-10 00:50:39.058399,76588.03855683465,76588.03855683465,76822.4898048233,77092.52476151919,76553.19135095959,536223
2024-04-11 00:50:39.058399,76679.4657664089,76679.4657664089,76499.28069176871,76684.97525227246,76002.91934064469,300386
2024-04-12 00:50:39.058399,76422.5227127759,76422.5227127759,76723.26922782323,76918.46606973145,76204.52987407807,604543
2024-04-15 00:50:39.058399,75052.02319831647,75052.02319831647,76625.18541472284,76917.91090811843,74969.11408682296,837904
2024-04-16 00:50:39.058399,75578.06175604212,75578.06175604212,75048.1406121353,75608.31137665744,74584.73038565626,448499
2024-04-17 00:50:39.058399,75711.45281341589,75711.45281341589,75373.50698308606,75793.9639773079,74997.40717013793,817027
2024-04-18 00:50:39.058399,75323.05794439674,75323.05794439674,75849.47980564377,76170.56282059304,75099.2908840337,968687
2024-04-19 00:50:39.058399,74546.64889472924,74546.64889472924,75476.87771495408,75500.3067527871,74324.47139253603,670525
2024-04-22 00:50:39.058399,74618.37912601118,74618.37912601118,74715.43983054768,75087.25189394574,74041.25131722318,667458
2024-04-23 00:50:39.058399,75035.01807077396,75035.01807077396,74549.92993642246,75065.73751706253,74273.19860961169,637188
2024-04-24 00:50:39.058399,73233.85356902472,73233.85356902472,75053.15725030894,75761.85026326409,72633.19999828724,300313
2024-04-25 00:50:39.058399,72915.2684485441,72915.2684485441,73293.01820917531,73400.38994514597,72571.50314210347,969472
2024-04-26 00:50:39.058399,72912.37747605507,72912.37747605507,72865.3901294813,72953.13686395282,72322.80201147431,436797
2024-04-29 00:50:39.058399,73449.61045124874,73449.61045124874,72897.03213559123,73925.2215541434,72819.88421602885,473228
2024-04-30 00:50:39.058399,73720.67359413196,73720.67359413196,73541.15853171224,74094.43702517894,73525.95973715372,593924
2024-05-01 00:50:39.058399,72488.80364612475,72488.80364612475,73800.21724343162,73865.63486766159,72010.77189080525,579507
2024-05-02 00:50:39.058399,71686.44749219918,71686.44749219918,72595.65583503281,73159.29071766479,71444.34098844457,935498
2024-05-03 00:50:39.058399,71698.88689612105,71698.88689612105,71946.97029673337,72040.36785694513,71653.1686833914,658116
2024-05-06 00:50:39.058399,71494.15969091372,71494.15969091372,71578.63732878798,71631.551323968,70809.62422907182,709091
2024-05-07 00:50:39.058399,71978.40593617648,71978.40593617648,71656.55807106037,72549.61114282235,71548.18591073934,563959
2024-05-08 00:50:39.058399,71877.36635412651,71877.36635412651,72187.42529396129,72592.77048268217,71605.85444187616,899499
2024-05-09 00:50:39.058399,71136.99113498528,71136.99113498528,72030.41147028106,72045.99185349494,70446.43421541362,560376
2024-05-10 00:50:39.058399,71750.33918829249,71750.33918829249,71096.65637585225,72130.89588120967,70541.31298077233,369850
2024-05-13 00:50:39.058399,72183.69965731414,72183.69965731414,71788.26611540827,72197.99154914392,71755.83513083536,225288
2024-05-14 00:50:39.058399,72780.35367342646,72780.35367342646,72203.8372330269,72958.62631364603,71867.51500877524,689749
2024-05-15 00:50:39.058399,72740.21443222214,72740.21443222214,72668.80985463852,72895.08237760633,72369.57046431409,314339
2024-05-16 00:50:39.058399,72909.28660729385,72909.28660729385,72910.0391193742,72990.05460158696,72773.42038832406,547308
2024-05-17 00:50:39.058399,72502.98216095936,72502.98216095936,72728.05395269516,72929.49198091935,72255.23911790736,953657
2024-05-20 00:50:39.058399,72886.00535823038,72886.00535823038,72515.0776952636,72907.17133237739,72367.20307113804,974364
2024-05-21 00:50:39.058399,72929.51705347838,72929.51705347838,73215.38484848314,73418.81433060743,72014.42102670069,540274
2024-05-22 00:50:39.058399,72675.8922387476,72675.8922387476,72864.07355005156,72891.11374157964,72619.72325733276,951246
2024-05-23 00:50:39.058399,71843.13691823876,71843.13691823876,72662.10966386241,72690.59028030356,71038.43397030357,612137
2024-05-24 00:50:39.058399,72891.0171853877,72891.0171853877,71816.6424693264,72953.16657805664,71741.75938599922,907203
2024-05-27 00:50:39.058399,70946.12470364888,70946.12470364888,72941.32992309258,73080.45669924341,70744.83589868131,576947
2024-05-28 00:50:39.058399,70451.66076836995,70451.66076836995,70675.5120795393,70702.62357229096,70435.22124768817,833907
2024-05-29 00:50:39.058399,70458.91274784174,70458.91274784174,70519.1891120783,70553.6090660173,69723.92752373115,273593
2024-05-30 00:50:39.058399,69905.07559353374,69905.07559353374,70746.95464269764,71073.52688426738,69550.55487255655,629231
2024-05-31 00:50:39.058399,69489.89913488948,69489.89913488948,69980.76829212267,70458.02791117966,69401.73149732455,939150
2024-06-03 00:50:39.058399,69982.09103120769,69982.09103120769,69586.93549444701,70018.61528212026,68858.83535994627,173224
2024-06-04 00:50:39.058399,71248.22945799894,71248.22945799894,69670.10997090659,71287.821937427,69083.26192522264,421114
2024-06-05 00:50:39.058399,72702.85686550153,72702.85686550153,71133.68387090405,73001.97519338368,71004.02267060055,419906
2024-06-06 00:50:39.058399,72692.83557801541,72692.83557801541,72632.91324456828,73035.55963815248,72051.34208075222,391904
2024-06-07 00:50:39.058399,73177.74351053277,73177.74351053277,72626.41907079106,73214.64825124275,72540.25541360452,439776
2024-06-10 00:50:39.058399,73614.72101201028,73614.72101201028,73276.08567927798,73994.95354200604,73203.38097606353,173165
2024-06-11 00:50:39.058399,73521.83042152633,73521.83042152633,73558.86864825491,73983.02663631138,73382.16032576062,245612
2024-06-12 00:50:39.058399,73180.41256087608,73180.41256087608,73545.06235549782,73834.74367747866,73148.83074303572,918255
2024-06-13 00:50:39.058399,73310.00820882889,73310.00820882889,73605.35134907046,74086.04249815352,73126.93530661544,958570
2024-06-14 00:50:39.058399,72090.91224338222,72090.91224338222,73146.69762865832,73440.3986423139,71989.56906348375,722522
2024-06-17 00:50:39.058399,71260.33749664355,71260.33749664355,71802.3495503108,72138.83949787085,71191.25314512098,328470
2024-06-18 00:50:39.058399,71477.05591578606,71477.05591578606,71094.36546424718,72020.20870248743,70817.6820565796,351014
2024-06-19 00:50:39.058399,71741.41080231687,71741.41080231687,71454.65503289904,71782.33865662511,71046.93913869,240605
2024-06-20 00:50:39.058399,70474.04497665043,70474.04497665043,71875.27535955515,72018.577883332,70420.12642887422,635854
2024-06-21 00:50:39.058399,71344.78984293116,71344.78984293116,70528.05706927512,71397.65584515451,70478.60151400865,713043
2024-06-24 00:50:39.058399,71175.73880028492,71175.73880028492,71343.59301925861,71393.99137502235,71147.57440746907,566887
2024-06-25 00:50:39.058399,70694.6917144763,70694.6917144763,71129.53733371315,71134.22190390876,70219.4676358734,952393
2024-06-26 00:50:39.058399,70933.38270820322,70933.38270820322,70582.74012244583,71337.15699346724,70142.26068061458,126485
2024-06-27 00:50:39.058399,72479.4815917015,72479.4815917015,70822.47563757903,72801.761044205,70392.3797901095,993810
2024-06-28 00:50:39.058399,73703.13421699495,73703.13421699495,72415.12057714068,74321.71046178673,72339.94652102381,212462
2024-07-01 00:50:39.058399,74119.53668501356,74119.53668501356,73791.14729028661,74561.45568088192,73669.31081994044,890199
2024-07-02 00:50:39.058399,73987.94654292887,73987.94654292887,73945.54075688828,74739.27406956769,73599.86279512805,813314
2024-07-03 00:50:39.058399,74042.66365450075,74042.66365450075,73947.06831325268,74560.87995225335,72977.84664279327,667023
2024-07-04 00:50:39.058399,74822.6135552824,74822.6135552824,73897.27605567224,75040.33938483523,73311.16470072654,970819
2024-07-05 00:50:39.058399,75677.16779487286,75677.16779487286,74698.40447897199,75805.82152754313,74108.01822890171,661433
2024-07-08 00:50:39.058399,74449.11447734726,74449.11447734726,75671.91477174027,75765.16315051504,74419.27462535402,827615
2024-07-09 00:50:39.058399,74074.59176390844,74074.59176390844,74384.9371307005,74796.24664029774,73802.35573946378,596562
2024-07-10 00:50:39.058399,73368.21574545909,73368.21574545909,74289.7818316083,74458.26214171396,72978.21041055676,209337
2024-07-11 00:50:39.058399,73275.74027750011,73275.74027750011,73245.09748946471,73840.98097038409,73040.89932897492,685022
2024-07-12 00:50:39.058399,72789.00108968873,72789.00108968873,73172.46950926958,73284.68936420695,72670.15490668168,918522
2024-07-15 00:50:39.058399,72176.84913120953,72176.84913120953,72954.8831061781,73267.92340772129,71849.81559103468,595325
2024-07-16 00:50:39.058399,72543.28781641244,72543.28781641244,72153.46884338441,72720.34522054717,71966.5574651993,158706
2024-07-17 00:50:39.058399,72037.4702174604,72037.4702174604,72415.11205034363,72464.38565185267,71736.2905819663,619900
2024-07-18 00:50:39.058399,71369.93298541421,71369.93298541421,72110.83355014521,72732.50118730991,70582.60306476495,284313
2024-07-19 00:50:39.058399,71538.08397658884,71538.08397658884,71376.70026388868,71651.39640978971,70922.45921949347,604910
2024-07-22 00:50:39.058399,72115.24515463764,72115.24515463764,71679.02990485851,72138.94607761165,71004.84936028042,672321
2024-07-23 00:50:39.058399,72629.92366738732,72629.92366738732,72017.32139685917,73006.36719890962,71150.18605260523,780750
2024-07-24 00:50:39.058399,71550.15181246024,71550.15181246024,72783.19059008188,72860.23775550815,71056.20375612957,379636
2024-07-25 00:50:39.058399,71479.83650233397,71479.83650233397,71747.66232532403,71786.1478642892,71405.97899847348,384706
2024-07-26 00:50:39.058399,71775.71423649805,71775.71423649805,71435.59130470837,72300.34953936594,71374.9072879672,295983
2024-07-29 00:50:39.058399,72146.2145155629,72146.2145155629,71794.15659539175,72787.94215570609,71460.60646889584,736011
2024-07-30 00:50:39.058399,71750.5152556425,71750.5152556425,72148.00826074861,72243.91886488562,71723.88413492408,335812
2024-07-31 00:50:39.058399,71690.6150534524,71690.6150534524,71818.95082009227,72123.36328593375,71273.93825231967,856784
2024-08-01 00:50:39.058399,71769.06555172244,71769.06555172244,71733.73305545773,71920.90569654536,71377.72711432642,366342
2024-08-02 00:50:39.058399,71551.6461673464,71551.6461673464,71804.89646321801,71999.19552238558,71073.70793791294,588509
2024-08-05 00:50:39.058399,70625.0576084115,70625.0576084115,71617.5203488899,71622.25313727872,70513.84650322983,460602
2024-08-06 00:50:39.058399,71352.84007225766,71352.84007225766,70803.74466957425,71525.90687450398,70346.0564244525,445570
2024-08-07 00:50:39.058399,72338.97338680261,72338.97338680261,70962.14655694933,72427.56911503368,70754.00758511247,820333
2024-08-08 00:50:39.058399,72845.29922553957,72845.29922553957,72522.1271984857,72993.21288754803,72478.23284417794,219046
2024-08-09 00:50:39.058399,72250.88797133091,72250.88797133091,72478.14993137639,72718.5365713245,71822.4713915878,216132
2024-08-12 00:50:39.058399,72939.68337374102,72939.68337374102,72319.84787536695,73378.10608731622,71679.82781877398,593773
2024-08-13 00:50:39.058399,73449.32741402423,73449.32741402423,72761.23047840616,73901.84592656427,72613.31297684554,270500
2024-08-14 00:50:39.058399,73478.2987413739,73478.2987413739,73593.12743125069,73711.58155757935,73472.00063843434,291333
2024-08-15 00:50:39.058399,72963.62168414603,72963.62168414603,73624.69841578051,73760.53653742708,72612.50693783035,715300
2024-08-16 00:50:39.058399,73030.19408040332,73030.19408040332,72987.07204379905,73381.25103883447,72635.65192522212,710519
2024-08-19 00:50:39.058399,73179.69307172982,73179.69307172982,73039.74283233519,73612.18536199305,72948.89504708153,545117
2024-08-20 00:50:39.058399,73846.96096538282,73846.96096538282,73157.91023630227,74303.63966621518,73013.91624130595,544063
2024-08-21 00:50:39.058399,74602.37773234546,74602.37773234546,73889.39732197269,75113.00399549432,73622.45272024944,433269
2024-08-22 00:50:39.058399,73757.34167989236,73757.34167989236,74531.84904318863,74902.00531326942,73443.2743393248,651316
2024-08-23 00:50:39.058399,73771.22815687543,73771.22815687543,73887.46802417556,74156.96955784505,73211.33159109425,501450
2024-08-26 00:50:39.058399,72588.53269930425,72588.53269930425,73676.12740647754,73842.71020065412,72587.26917846674,321343
2024-08-27 00:50:39.058399,72674.28364612155,72674.28364612155,72200.78846339168,73012.78449594205,71734.71026142158,894465
2024-08-28 00:50:39.058399,72532.4812615844,72532.4812615844,72742.66759285262,72955.41000242876,72364.24374595692,610480
2024-08-29 00:50:39.058399,73195.86624079097,73195.86624079097,72729.87745212072,73339.21080454654,72512.99281547044,200654
2024-08-30 00:50:39.058399,73468.57936278742,73468.57936278742,73535.98765040036,73757.04892619002,73366.74909004792,175722
2024-09-02 00:50:39.058399,74179.1236606802,74179.1236606802,73374.45794505165,74249.38613203628,73306.01186274683,527068
2024-09-03 00:50:39.058399,72565.9782705458,72565.9782705458,74199.80756959331,74348.61685347403,72023.13313300053,911520
2024-09-04 00:50:39.058399,72795.57702623965,72795.57702623965,72632.65189692231,72802.25530371626,72547.46955127442,252707
2024-09-05 00:50:39.058399,73694.26753719457,73694.26753719457,72843.20813657876,73826.71971654029,72736.10512719738,542631
2024-09-06 00:50:39.058399,73551.6009725345,73551.6009725345,73601.59768686074,73605.38660201228,73474.56505968807,861610
2024-09-09 00:50:39.058399,73833.05087583172,73833.05087583172,73620.01927770436,74375.29635286074,73581.48823657865,399401
2024-09-10 00:50:39.058399,72619.59500713975,72619.59500713975,73885.9276703183,74407.73895120452,72471.52159310272,152621
2024-09-11 00:50:39.058399,72427.2992277064,72427.2992277064,72761.88878327656,73395.59433498124,72367.89947639786,540032
2024-09-12 00:50:39.058399,72815.33942195495,72815.33942195495,72314.61850557555,72913.4772410335,71927.1286166163,194934
2024-09-13 00:50:39.058399,72137.56290658742,72137.56290658742,72981.02669337405,73788.21756668457,71660.56246591044,850965
2024-09-16 00:50:39.058399,71900.72698590068,71900.72698590068,72116.38065127893,72465.32684875016,71783.08859003524,371467
2024-09-17 00:50:39.058399,72375.68073737764,72375.68073737764,71668.63359562088,72427.70633288987,71502.94282519209,617426
2024-09-18 00:50:39.058399,72612.023867881,72612.023867881,72596.5405246645,73768.71696020212,72313.07972062698,318457
2024-09-19 00:50:39.058399,72898.71729778945,72898.71729778945,72754.54263467582,72972.55426445161,72382.31440995791,617952
2024-09-20 00:50:39.058399,74393.82801460582,74393.82801460582,73064.09250520165,74458.81873616112,72808.97673576215,101309
2024-09-23 00:50:39.058399,75187.74485138535,75187.74485138535,74210.94347669093,75370.28165128187,73968.79034914347,462493
2024-09-24 00:50:39.058399,74867.66600155023,74867.66600155023,75002.88271814332,75318.68055035171,73899.24595929246,437644
2024-09-25 00:50:39.058399,76660.26691483616,76660.26691483616,74921.44127856678,77233.30269101173,74880.68023055926,281495
2024-09-26 00:50:39.058399,77494.03731091761,77494.03731091761,76971.59279296079,77931.30857691637,76682.24846799872,268192
2024-09-27 00:50:39.058399,77692.70961377377,77692.70961377377,77662.41846383184,77730.67429159801,77560.09127246983,850654
2024-09-30 00:50:39.058399,78430.17758084575,78430.17758084575,77618.70273702379,78651.31062296972,77315.40852448986,198903
2024-10-01 00:50:39.058399,79421.12584768556,79421.12584768556,77992.4769662074,79632.64866248253,77854.51886033076,338228
2024-10-02 00:50:39.058399,79317.56203277482,79317.56203277482,79616.23365533825,79882.82008473501,79218.07906521742,819195
2024-10-03 00:50:39.058399,79874.65179316868,79874.65179316868,79539.28835209215,80212.6832540785,79420.94591913736,139659
2024-10-04 00:50:39.058399,79823.16523531567,79823.16523531567,79788.71904903086,80253.31081254818,79191.39714001119,969912
2024-10-07 00:50:39.058399,80283.61216582668,80283.61216582668,79771.49535916325,80524.96961033459,79250.7455924363,862158
2024-10-08 00:50:39.058399,79813.45862724337,79813.45862724337,80241.83039501587,80828.50512192977,79261.21582761631,718695
2024-10-09 00:50:39.058399,79576.17765085139,79576.17765085139,79763.10402571809,80237.54056880559,79273.95464139832,324634
2024-10-10 00:50:39.058399,80198.97557931558,80198.97557931558,79518.5802058211,80199.30625867873,78828.84146638685,178844
2024-10-11 00:50:39.058399,81211.5449999443,81211.5449999443,80007.9819954603,81969.97253815005,79722.24728537304,130644
2024-10-14 00:50:39.058399,82222.17894697556,82222.17894697556,81189.06911172302,82696.07493381755,81005.87013479072,128956
2024-10-15 00:50:39.058399,80620.88476230872,80620.88476230872,82423.13109314814,83492.38967838851,80330.55520537304,773236
2024-10-16 00:50:39.058399,80583.41312127779,80583.41312127779,80717.51191225235,80788.38101386152,80410.45456001085,675868
2024-10-17 00:50:39.058399,82051.85296697971,82051.85296697971,80614.89283149762,82278.04828375072,80146.31889383038,383566
2024-10-18 00:50:39.058399,82022.35752961294,82022.35752961294,82314.74991030995,82943.43576407224,81743.33445368265,218898
2024-10-21 00:50:39.058399,81023.60965229695,81023.60965229695,82317.76142492781,82644.07840659222,80963.12383838033,238637
2024-10-22 00:50:39.058399,80500.18507074649,80500.18507074649,80995.71993071777,81279.74244874307,80351.76584188174,257029
2024-10-23 00:50:39.058399,80893.94766212242,80893.94766212242,80221.63405638168,81081.26421647509,80167.02929569827,105838
2024-10-24 00:50:39.058399,80603.32278288681,80603.32278288681,80823.98735290326,81602.26019646485,80453.12125571798,970730
2024-10-25 00:50:39.058399,80791.27602660647,80791.27602660647,80244.09974584552,80836.10934813201,79890.69710364538,559424
2024-10-28 00:50:39.058399,80895.6101434764,80895.6101434764,80773.697980621,81703.76968978444,80742.43218512465,263369
2024-10-29 00:50:39.058399,81855.56682634189,81855.56682634189,80407.65681833956,81976.2144486746,79668.45745478076,930398
2024-10-30 00:50:39.058399,81871.7943525203,81871.7943525203,82073.89534896542,82105.98067311385,80920.3970913111,534475
2024-10-31 00:50:39.058399,81622.38670938513,81622.38670938513,81695.38023126448,82052.89577572801,81010.94413007173,385568
2024-11-01 00:50:39.058399,80611.1263936793,80611.1263936793,81453.28242985747,81978.14078385882,80407.90401451239,219889
2024-11-04 00:50:39.058399,80827.86752612058,80827.86752612058,80475.90670162039,81168.77888364712,80140.71179556508,728015
2024-11-05 00:50:39.058399,80341.40424113093,80341.40424113093,80929.13032704733,81527.63296464161,80329.21230690108,960198
2024-11-06 00:50:39.058399,80585.30840652155,80585.30840652155,80419.34719828719,80730.1229997689,79694.27913896868,376705
2024-11-07 00:50:39.058399,79938.14216251882,79938.14216251882,81023.50973884689,81378.88521140478,79583.67336338562,196589
2024-11-08 00:50:39.058399,80332.78864494544,80332.78864494544,79809.80580914472,80508.68225567389,78926.00940319362,452241
2024-11-11 00:50:39.058399,80734.68007052188,80734.68007052188,80199.51067989337,81422.9082536573,79884.03992479529,480414
2024-11-12 00:50:39.058399,81614.19436475354,81614.19436475354,80977.69950585907,81942.74331139571,80767.45227562929,841587
2024-11-13 00:50:39.058399,82257.05667103326,82257.05667103326,81486.76756863706,82611.73541662142,80920.19865258214,206320
2024-11-14 00:50:39.058399,81942.23507528927,81942.23507528927,82202.4119437231,82758.74203355437,81887.23828456554,734030
2024-11-15 00:50:39.058399,82212.02605814746,82212.02605814746,82027.4090446666,82822.4791451903,81611.63504301079,694627
2024-11-18 00:50:39.058399,83605.99214376073,83605.99214376073,82206.5487300555,83755.31517160796,81852.88119180902,257097
2024-11-19 00:50:39.058399,82787.63851990733,82787.63851990733,83623.88017757163,84045.5037721642,82404.80870603914,860329
2024-11-20 00:50:39.058399,82800.38919387232,82800.38919387232,82529.74917463401,83257.32356003899,81984.76927876937,822501
2024-11-21 00:50:39.058399,82619.59053015673,82619.59053015673,82615.9614332452,82898.30902900833,81849.30134252149,877469
2024-11-22 00:50:39.058399,82343.2838649634,82343.2838649634,82660.06337847622,83014.21244316315,81245.67082884995,289970
2024-11-25 00:50:39.058399,79960.14067886682,79960.14067886682,82206.12116221378,82399.02546206328,79372.12111603482,814796
2024-11-26 00:50:39.058399,79302.50509712948,79302.50509712948,79974.10172231961,79998.95709688787,79288.90447034244,792083
2024-11-27 00:50:39.058399,79869.48985900167,79869.48985900167,78993.0433913228,79981.73252833114,78530.7363257477,980661
2024-11-28 00:50:39.058399,79585.61440159238,79585.61440159238,79622.92205450668,79630.31274868664,79471.67191788863,923632
2024-11-29 00:50:39.058399,79606.63241433921,79606.63241433921,79507.58102833596,79724.65954144755,78999.04246416758,777108
2024-12-02 00:50:39.058399,79174.4371963534,79174.4371963534,79757.54617660528,80009.32160570883,78056.1905604148,293578
2024-12-03 00:50:39.058399,79553.40414357088,79553.40414357088,79099.51990005071,79588.40163154023,78869.89483876312,607839
2024-12-04 00:50:39.058399,79054.39669816161,79054.39669816161,79469.5353623751,79595.52842247911,78654.73559976718,899452
2024-12-05 00:50:39.058399,80797.43478910715,80797.43478910715,78955.99810362676,81903.87836049483,78672.414021691,671957
2024-12-06 00:50:39.058399,81059.13265891158,81059.13265891158,80810.84308701778,81481.15911752134,80649.060316521,864388
2024-12-09 00:50:39.058399,81462.50420671562,81462.50420671562,81062.49819117576,81783.94581286142,80836.18282105766,632380
2024-12-10 00:50:39.058399,83326.24987755388,83326.24987755388,81496.07764654417,83450.69781593062,80901.32308591473,928547
2024-12-11 00:50:39.058399,82782.95816014401,82782.95816014401,83343.54496576716,83348.01323443402,82283.98508935771,171183
2024-12-12 00:50:39.058399,81404.37322899088,81404.37322899088,82590.39470445526,83300.47604716667,81207.2528958975,935810
2024-12-13 00:50:39.058399,83155.91133231547,83155.91133231547,81679.34276154172,83409.2480975516,81465.47128238207,761606
2024-12-16 00:50:39.058399,84000.41488740164,84000.41488740164,83155.5992815846,84356.48683331943,83139.21103448098,383158
2024-12-17 00:50:39.058399,83693.89084238026,83693.89084238026,83796.001319962,83984.77671181812,83300.06215900261,402339
2024-12-18 00:50:39.058399,84744.88544102122,84744.88544102122,83916.88510722492,85606.05669711529,83213.10649723136,486795
2024-12-19 00:50:39.058399,84915.05366302619,84915.05366302619,84801.06457818994,85326.24406433983,84671.10889758705,150923
2024-12-20 00:50:39.058399,85296.3845232868,85296.3845232868,85122.08371199132,85450.66335401742,84459.82318063917,943324
2024-12-23 00:50:39.058399,84735.5548766957,84735.5548766957,85394.21814102754,85554.6120976376,84697.59523904059,255416
2024-12-24 00:50:39.058399,84717.0564345789,84717.0564345789,84859.32329525935,84936.40990610495,84507.4492556936,752910
2024-12-25 00:50:39.058399,85685.72090334637,85685.72090334637,84625.30138887506,86752.88482207064,84374.9546296997,983830
2024-12-26 00:50:39.058399,84201.55706904804,84201.55706904804,85658.75597380489,85992.2666601766,84136.4320293071,837280
2024-12-27 00:50:39.058399,84826.13063534925,84826.13063534925,84442.20753334698,85296.92159413628,84176.6404025086,310370
2024-12-30 00:50:39.058399,84934.88387173432,84934.88387173432,84701.81108829493,85238.12957172007,84695.57886517556,306003
2024-12-31 00:50:39.058399,86437.11701651754,86437.11701651754,84834.24961311642,86663.58203777672,84368.36131598793,105851
2025-01-01 00:50:39.058399,88257.64388494048,88257.64388494048,86521.54463675684,88318.95026334819,86170.58591555948,503315
2025-01-02 00:50:39.058399,89763.83776665805,89763.83776665805,88555.95685377908,90235.14202175566,88198.82519726995,665427
2025-01-03 00:50:39.058399,89635.47487338344,89635.47487338344,89813.95698606539,90353.61044797831,88805.48316530905,449132
2025-01-06 00:50:39.058399,89747.22853984291,89747.22853984291,89685.9957289401,90350.2568950565,89353.85660733719,546250
2025-01-07 00:50:39.058399,88879.80274383003,88879.80274383003,89808.19262561512,90124.60528032579,88269.29434212971,346691
2025-01-08 00:50:39.058399,88863.15921539786,88863.15921539786,88657.8830085964,89239.15467160822,88371.01657381265,802275
2025-01-09 00:50:39.058399,89060.89679390719,89060.89679390719,88681.75999336981,89492.40668914875,88099.04472407627,594169
2025-01-10 00:50:39.058399,90716.52903146071,90716.52903146071,89335.9990965968,91272.63038444395,89260.95369151987,546092
2025-01-13 00:50:39.058399,91374.85890245734,91374.85890245734,90649.20457252549,91728.68216374268,90572.39286603371,966175
2025-01-14 00:50:39.058399,90831.51200811302,90831.51200811302,91316.45634930683,91912.77292185169,90776.78093658052,135559
2025-01-15 00:50:39.058399,92686.74156550958,92686.74156550958,91007.91163056533,92867.99032684202,90409.10884618746,591240
2025-01-16 00:50:39.058399,91885.00722177007,91885.00722177007,92867.24888727671,93400.50349491833,91631.55201227442,677341
2025-01-17 00:50:39.058399,89911.92017334221,89911.92017334221,91930.47848016056,92473.0468070589,89191.32107109777,709483
2025-01-20 00:50:39.058399,90315.97297685311,90315.97297685311,90101.09190928609,90508.88636303769,89861.69800445382,645686
2025-01-21 00:50:39.058399,90342.65695596676,90342.65695596676,90160.37167744071,90379.69319552428,89907.32029563132,317984
2025-01-22 00:50:39.058399,90279.53416153278,90279.53416153278,90480.03355434918,90926.93158423009,89978.87118757344,601376
2025-01-23 00:50:39.058399,90613.45322151507,90613.45322151507,90233.28254563795,90724.9675528156,89982.98262943368,421824
2025-01-24 00:50:39.058399,91464.63359542904,91464.63359542904,90753.257269922,91557.07472208909,90618.68573179597,633032
2025-01-27 00:50:39.058399,90693.12236090506,90693.12236090506,91748.27616281426,91809.70060133334,90662.39444695224,678882
2025-01-28 00:50:39.058399,92034.2251144671,92034.2251144671,90530.7490112298,92564.47342875754,90118.99649942752,861013
2025-01-29 00:50:39.058399,91443.92692906309,91443.92692906309,91912.34355718122,92025.94143042935,91188.82357049853,917260
2025-01-30 00:50:39.058399,92348.53275057713,92348.53275057713,91566.03442998417,92474.76177783535,90978.25414349581,611023
2025-01-31 00:50:39.058399,92675.28454453402,92675.28454453402,92383.10173975107,92979.30950176863,92116.26963910519,863637
2025-02-03 00:50:39.058399,93156.9135790035,93156.9135790035,92648.0443336472,93552.06567277582,92226.77029635133,633220
2025-02-04 00:50:39.058399,93368.19193369935,93368.19193369935,93267.70511312138,93509.63342634002,92707.6707422896,796621
2025-02-05 00:50:39.058399,94071.56975557936,94071.56975557936,93306.45900198653,94171.79049185535,92430.0135447389,190657
2025-02-06 00:50:39.058399,92835.51381775341,92835.51381775341,93719.42775407608,94364.11362413736,92229.18884359558,144279
2025-02-07 00:50:39.058399,93989.51530909508,93989.51530909508,92573.42829496293,94058.91932252327,92368.15448781266,150901
2025-02-10 00:50:39.058399,93459.77018385251,93459.77018385251,93772.2556584251,93915.9242315004,92708.99963866657,175939
2025-02-11 00:50:39.058399,90548.14944986705,90548.14944986705,93594.97262618963,94144.3191682689,90528.09959374207,780200
2025-02-12 00:50:39.058399,91835.97616956347,91835.97616956347,90246.46925310249,92171.86003203661,89987.5571759202,492223
2025-02-13 00:50:39.058399,92061.54400507809,92061.54400507809,91719.67007433104,92173.02879917028,91469.78608093291,301140
2025-02-14 00:50:39.058399,92719.91889325944,92719.91889325944,92069.76559406224,92816.27399401093,91870.38568890496,268595
2025-02-17 00:50:39.058399,94275.18662120991,94275.18662120991,92982.2437181978,94518.77064786611,92153.47474312854,952516
2025-02-18 00:50:39.058399,94450.50544424354,94450.50544424354,94402.24240094962,94633.28749875023,93996.72667454841,648769
2025-02-19 00:50:39.058399,93369.44771557314,93369.44771557314,94226.07622425906,94427.31130439368,92762.33795967085,990438
2025-02-20 00:50:39.058399,94272.02565009083,94272.02565009083,93168.47933543815,94741.38675386133,93090.82374167869,373754
2025-02-21 00:50:39.058399,93433.1012491939,93433.1012491939,94460.5578102256,94805.11717391359,93385.82980877916,193906
2025-02-24 00:50:39.058399,91934.76954730155,91934.76954730155,93636.94746845916,93948.82333909317,91579.92735735905,921769
2025-02-25 00:50:39.058399,92085.84782989362,92085.84782989362,92203.27677672156,92744.18872076871,91910.33618390736,699926
2025-02-26 00:50:39.058399,91445.59139733764,91445.59139733764,92305.21878432918,93363.75861173797,91270.42061284771,577362
2025-02-27 00:50:39.058399,92203.88494302351,92203.88494302351,91356.03625207019,92298.49766737998,91299.93885066595,636598
2025-02-28 00:50:39.058399,93530.64371128337,93530.64371128337,92034.15238948663,93782.48516789624,91598.0241735072,845845
2025-03-03 00:50:39.058399,93888.13074975897,93888.13074975897,93474.3770910138,94105.82876218278,92928.63909221393,231950
2025-03-04 00:50:39.058399,94588.44599771251,94588.44599771251,94134.42261753137,94996.72046601822,93502.21782081797,873546
2025-03-05 00:50:39.058399,95389.7143120796,95389.7143120796,94929.76227218595,95652.17678799435,94689.72789243855,466967
2025-03-06 00:50:39.058399,93157.87574316839,93157.87574316839,95337.71034577618,95570.40216193043,92543.13900827777,728150
2025-03-07 00:50:39.058399,92257.39371505858,92257.39371505858,92865.4940753956,93134.76918886701,91704.41095196198,695881
2025-03-10 00:50:39.058399,89993.55071502712,89993.55071502712,92488.53417079791,92516.6747446154,89965.61876587926,526246
2025-03-11 00:50:39.058399,90035.04455257571,90035.04455257571,89970.79816622495,90277.59593458365,89553.45360314059,618528
2025-03-12 00:50:39.058399,91115.82931881408,91115.82931881408,90106.28542078199,91606.06295706159,89658.54336691585,722300
2025-03-13 00:50:39.058399,90844.83062473887,90844.83062473887,90874.29595721199,91048.89377669457,90500.9224799179,221301
2025-03-14 00:50:39.058399,89870.13186719599,89870.13186719599,90632.04550384686,90674.36021532043,89528.77607301941,532077
2025-03-17 00:50:39.058399,88655.75471023702,88655.75471023702,89848.8158121299,90009.49800552032,88403.83368224336,377870
2025-03-18 00:50:39.058399,89894.20641830373,89894.20641830373,88770.31258100228,90026.09855609134,88694.33692848434,725547
2025-03-19 00:50:39.058399,89194.8398387921,89194.8398387921,89884.12191813663,90111.56320704581,88979.19257338888,134563
2025-03-20 00:50:39.058399,87839.27703861003,87839.27703861003,89186.96166638003,89546.07615076732,87596.0198269857,553138
2025-03-21 00:50:39.058399,88570.58170505744,88570.58170505744,87805.42059583294,88935.22046658142,87634.39746885817,925492
2025-03-24 00:50:39.058399,88401.96082157627,88401.96082157627,88567.07314888359,89520.62085162033,88273.34345149313,810621
2025-03-25 00:50:39.058399,88451.72334630355,88451.72334630355,88521.56917968718,89971.61785666435,88127.03538871286,948183
2025-03-26 00:50:39.058399,89223.47539560682,89223.47539560682,88588.37814873135,89401.89959447054,87944.07165620803,632498
2025-03-27 00:50:39.058399,89024.64002339198,89024.64002339198,89074.72831726554,89790.6524652859,88954.10220357245,768811
2025-03-28 00:50:39.058399,89878.01588699098,89878.01588699098,89133.5876398439,90063.68589956553,88571.16210295743,287011
2025-03-31 00:50:39.058399,89451.25013879352,89451.25013879352,89911.74320706158,90138.1998264627,89378.02418234103,300872
2025-04-01 00:50:39.058399,88898.54867507966,88898.54867507966,89777.78816142488,90122.13740893584,88748.80792735737,908929
2025-04-02 00:50:39.058399,89661.96173777814,89661.96173777814,89296.97938495173,90132.04738700857,88909.88427383344,484731
2025-04-03 00:50:39.058399,89327.06786525482,89327.06786525482,89593.169843882,89793.91313003213,88142.92102728451,142827
2025-04-04 00:50:39.058399,87728.7451266024,87728.7451266024,89361.90222336067,89598.96804585001,87390.2286429921,678828
2025-04-07 00:50:39.058399,87799.31683112364,87799.31683112364,87481.53719220424,88097.85868007084,87190.94491936719,889804
2025-04-08 00:50:39.058399,86877.7463695226,86877.7463695226,87713.88344614516,88362.91813617971,86764.00917788841,476589
2025-04-09 00:50:39.058399,86836.31797296029,86836.31797296029,86747.89175799185,87120.91113911613,86169.36688477379,697788
2025-04-10 00:50:39.058399,88695.39820062387,88695.39820062387,87068.40962603239,89576.07102476971,86775.03324194942,802753
2025-04-11 00:50:39.058399,90308.62585331572,90308.62585331572,88859.68360701259,90628.20561231714,88275.04144915404,804750
2025-04-14 00:50:39.058399,89944.9604063839,89944.9604063839,90559.33720829578,90797.92760541574,89482.01607109384,233553
2025-04-15 00:50:39.058399,89036.03355751694,89036.03355751694,89915.84948433653,90078.14252291509,89019.42050421413,204794
2025-04-16 00:50:39.058399,87455.5705537327,87455.5705537327,89008.11633825555,89203.68212602504,87231.6152277036,629429
2025-04-17 00:50:39.058399,86838.3459307781,86838.3459307781,87593.55801529727,87738.22076225458,86356.83726110942,987161
2025-04-18 00:50:39.058399,86999.81666399345,86999.81666399345,86826.92353853735,87795.46903196085,86766.96986094763,914289
2025-04-21 00:50:39.058399,87126.43358257692,87126.43358257692,86980.58784721249,87605.06433584684,86943.44717555135,214910
2025-04-22 00:50:39.058399,86148.68755839465,86148.68755839465,87222.2849775328,87449.25903590034,85864.48364582694,198693
2025-04-23 00:50:39.058399,85792.61777789042,85792.61777789042,85885.58687405595,86931.3314327841,85643.31775219082,145095
2025-04-24 00:50:39.058399,86282.11582357482,86282.11582357482,85842.79579283985,86381.40015452636,85293.49326644112,514460
2025-04-25 00:50:39.058399,86311.54680602216,86311.54680602216,86278.25172900954,86348.92255922504,85657.40920294773,197244
2025-04-28 00:50:39.058399,87528.49288259508,87528.49288259508,86396.60937684403,87601.05988460178,85994.84386536539,229299
2025-04-29 00:50:39.058399,86953.78145835124,86953.78145835124,87595.54309252642,87675.04950169653,86891.35512831873,156371
2025-04-30 00:50:39.058399,87883.34714910756,87883.34714910756,86978.8827430023,88391.70929762875,86958.3396556851,256542
2025-05-01 00:50:39.058399,88784.37682568422,88784.37682568422,87935.48561971831,89216.73284350171,87933.30583859835,699703
2025-05-02 00:50:39.058399,89244.83040408483,89244.83040408483,88867.10901570322,89776.51518575336,88728.18013271042,167643
2025-05-05 00:50:39.058399,89560.01705273477,89560.01705273477,89039.0528076704,90199.12279740242,88023.92537175905,700390
2025-05-06 00:50:39.058399,88789.46921011727,88789.46921011727,89449.06378882169,90069.79666565548,88239.46721081973,287685
2025-05-07 00:50:39.058399,90556.4901485316,90556.4901485316,88789.10709050579,90864.51654373,88701.38643618645,578679
2025-05-08 00:50:39.058399,89900.78411099664,89900.78411099664,90612.90937685086,90745.86273540863,89579.02086579954,350841
2025-05-09 00:50:39.058399,90597.6146127417,90597.6146127417,89798.7084544699,91093.53249168186,89498.44705334288,642221
2025-05-12 00:50:39.058399,92289.20420044157,92289.20420044157,90685.71041894401,92495.34513279257,90584.57692538048,118994
2025-05-13 00:50:39.058399,92765.40777240942,92765.40777240942,91994.35103303003,93361.09225103173,91710.07727021634,534881
2025-05-14 00:50:39.058399,93031.70981352501,93031.70981352501,92751.61483991283,93686.66427239802,92726.00926352474,997012
2025-05-15 00:50:39.058399,92032.53283488812,92032.53283488812,92815.57171920848,93092.4137589306,91765.06359287222,785830
2025-05-16 00:50:39.058399,91360.91971266952,91360.91971266952,92089.45691607267,92172.35002226607,91211.04454154249,310857
2025-05-19 00:50:39.058399,91714.41927359368,91714.41927359368,91613.83554832988,92083.21922336065,91135.12802492925,187006
2025-05-20 00:50:39.058399,91520.90300034807,91520.90300034807,91640.04077671256,91683.13280635136,91376.79128086286,948207
2025-05-21 00:50:39.058399,91102.97087661012,91102.97087661012,91586.22730537492,92275.32268293796,90556.49252850718,361259
2025-05-22 00:50:39.058399,90786.90966439107,90786.90966439107,91102.0643937497,91400.54601192806,90540.87087878688,832507
2025-05-23 00:50:39.058399,89869.39229634742,89869.39229634742,90715.54725071078,91177.34685485248,89731.96308244161,490034
2025-05-26 00:50:39.058399,91036.91647819974,91036.91647819974,90025.50371490103,91138.14547578317,89892.6626178758,805512
2025-05-27 00:50:39.058399,91059.49237124594,91059.49237124594,90994.26981853819,91326.43006484919,90935.1890973448,314561
2025-05-28 00:50:39.058399,91047.00537399616,91047.00537399616,91021.88212521057,91199.75319998739,90590.69967552468,339562
2025-05-29 00:50:39.058399,90666.20154156127,90666.20154156127,90937.51468237648,91132.26571988566,90345.24916794743,441232
2025-05-30 00:50:39.058399,91014.97757677542,91014.97757677542,90678.81028309625,91029.49654040193,90560.03451954131,549925
2025-06-02 00:50:39.058399,90996.86743791039,90996.86743791039,90931.73480776399,91540.35495174726,90727.18950329947,936914
2025-06-03 00:50:39.058399,90969.76277600384,90969.76277600384,91088.44858687674,91330.58864082533,90709.82022149499,444627
2025-06-04 00:50:39.058399,90963.82014605748,90963.82014605748,91134.89008863484,91621.54129448542,90527.35252607743,912424
2025-06-05 00:50:39.058399,91051.03583651714,91051.03583651714,90878.17640079562,91817.9659308343,90671.52496240362,227516
2025-06-06 00:50:39.058399,90352.77361020021,90352.77361020021,90906.32655587001,91240.103579556,89278.77573006405,443792
2025-06-09 00:50:39.058399,90956.34235999518,90956.34235999518,90183.45198278328,91390.90731045441,89706.21659695389,409999
2025-06-10 00:50:39.058399,91414.98934745486,91414.98934745486,90923.7164163188,91770.21141301724,89963.89249996362,661548
2025-06-11 00:50:39.058399,91240.37971578287,91240.37971578287,91074.95753513408,91285.37793252974,89876.46388856601,109607
2025-06-12 00:50:39.058399,93308.07057657414,93308.07057657414,91240.52694940333,93328.44870603507,91185.69784803368,418312
2025-06-13 00:50:39.058399,92178.35151214302,92178.35151214302,93197.76210523647,93220.45815685428,91437.99458148816,353689
2025-06-16 00:50:39.058399,92227.11285866679,92227.11285866679,92273.73693468818,92300.04429922263,92135.54971544365,541427
2025-06-17 00:50:39.058399,90756.21619504988,90756.21619504988,92042.30890124742,93029.01927193996,90538.73340722077,108502
2025-06-18 00:50:39.058399,90609.42156653924,90609.42156653924,90539.78212238532,90797.86485863396,90460.29776272569,272616
2025-06-19 00:50:39.058399,91409.36579827096,91409.36579827096,90673.01648787667,92350.77401752908,90036.46484757896,594247
2025-06-20 00:50:39.058399,90849.7127252482,90849.7127252482,91437.97729283069,92195.90137339749,90823.47374869493,231678
2025-06-23 00:50:39.058399,91070.12465799085,91070.12465799085,90780.22358359123,91165.54208632518,90545.23113933849,128559
2025-06-24 00:50:39.058399,91358.71784307233,91358.71784307233,90930.47931140265,91443.59322807101,90915.04868880384,162664
2025-06-25 00:50:39.058399,91036.76511571583,91036.76511571583,91452.91995635198,91892.93049255939,89878.76772069039,894073
2025-06-26 00:50:39.058399,91665.81029346517,91665.81029346517,90870.76657363898,91905.41584466018,90580.76116430726,302164
2025-06-27 00:50:39.058399,91488.68024915623,91488.68024915623,91666.05321930737,91807.65090874938,91216.76957285898,221623
2025-06-30 00:50:39.058399,91637.40753898799,91637.40753898799,91290.41819735656,92047.36065548837,91116.83343353689,130901
2025-07-01 00:50:39.058399,91691.5677712476,91691.5677712476,91497.44091883268,91804.46682288077,91339.74719120016,496178
2025-07-02 00:50:39.058399,90924.07245826065,90924.07245826065,91773.02122672617,92011.40699119004,90226.43679503886,902036
2025-07-03 00:50:39.058399,91864.62296511843,91864.62296511843,90704.77690797353,91872.82609978633,89827.98749812871,580345
2025-07-04 00:50:39.058399,91662.29920542178,91662.29920542178,91874.94397568777,92758.7636630874,90975.33659130151,905307
2025-07-07 00:50:39.058399,91920.94348534883,91920.94348534883,91727.19766784445,91930.1134973608,91564.92154513113,184720
2025-07-08 00:50:39.058399,91551.91317024575,91551.91317024575,91922.71368852555,92132.47480999804,91022.36447127414,610787
2025-07-09 00:50:39.058399,89704.68285921573,89704.68285921573,91553.27319875993,91754.3160161777,89571.83292601648,187344
2025-07-10 00:50:39.058399,89855.38708831037,89855.38708831037,89476.09985048384,89996.36923802199,89425.86455111242,778281
2025-07-11 00:50:39.058399,90500.27790047824,90500.27790047824,89952.17549657855,90766.89901434869,89904.52540879406,188287
2025-07-14 00:50:39.058399,91761.14368351169,91761.14368351169,90434.6499428424,92106.31009326289,90175.78449517698,116178
2025-07-15 00:50:39.058399,91030.54624456458,91030.54624456458,91803.30579791596,92501.21415141188,90986.60941383707,545392
2025-07-16 00:50:39.058399,93603.99305209857,93603.99305209857,90856.36697551,94163.2029696639,90675.92018971399,589328
2025-07-17 00:50:39.058399,93752.85893838956,93752.85893838956,93404.68502766547,93944.49380915424,93059.97465881176,657474
2025-07-18 00:50:39.058399,92658.01755032278,92658.01755032278,93250.12497045177,93353.58778506923,92497.44854930941,230163
2025-07-21 00:50:39.058399,92531.9615632476,92531.9615632476,92767.40348622987,92898.0749304474,92476.11352379939,673050
2025-07-22 00:50:39.058399,92110.9410394272,92110.9410394272,92762.11503136424,92906.31283649211,91820.40877740535,293178
2025-07-23 00:50:39.058399,92562.5133742869,92562.5133742869,92550.73518534566,93007.34934149816,91912.91960669687,607601
2025-07-24 00:50:39.058399,93633.70897506086,93633.70897506086,92690.00895018986,94710.86864371969,92647.5287249938,451841
2025-07-25 00:50:39.058399,92584.51658864359,92584.51658864359,93295.78841492155,93935.12933186167,92402.61446778961,854018
2025-07-28 00:50:39.058399,93327.36451086555,93327.36451086555,92821.12337401607,93692.8056287743,92542.73147884035,957919
2025-07-29 00:50:39.058399,92854.77327763708,92854.77327763708,93206.09223586672,93432.35834324543,92041.47706941882,761108
2025-07-30 00:50:39.058399,92232.80770080394,92232.80770080394,93030.13249345809,93560.98896712123,91669.56073252755,189208
2025-07-31 00:50:39.058399,93927.33003204536,93927.33003204536,92398.44562581538,94740.88152229719,92355.81890067225,635945
2025-08-01 00:50:39.058399,95786.4231924298,95786.4231924298,94108.73914188742,95795.39629345645,94054.41754869267,665218
2025-08-04 00:50:39.058399,93825.11206797221,93825.11206797221,96089.70288396416,96400.47850404773,93518.04206322553,746496
2025-08-05 00:50:39.058399,95475.35991454306,95475.35991454306,93530.5039091016,95626.59689717769,93314.10952016647,876158
2025-08-06 00:50:39.058399,95384.72437532437,95384.72437532437,95471.2863168795,95779.49771370666,95290.65696817328,385301
2025-08-07 00:50:39.058399,95454.72327145055,95454.72327145055,95302.41966188393,96272.64676705006,95057.34578325361,387374
2025-08-08 00:50:39.058399,95559.91230574147,95559.91230574147,95624.2920339573,96319.24410519074,95528.83788854281,508598
2025-08-11 00:50:39.058399,95868.3008513294,95868.3008513294,95560.68656476405,95912.34704566622,95324.0677220058,146014
2025-08-12 00:50:39.058399,97064.76185546859,97064.76185546859,95889.67854084504,97486.69652324026,95833.73251235731,189519
2025-08-13 00:50:39.058399,95976.48494704966,95976.48494704966,96426.61820114715,97476.70352640892,95954.11932706305,438580
2025-08-14 00:50:39.058399,95626.50618302211,95626.50618302211,95915.30122462272,96293.11400360687,95362.1918810495,910214
2025-08-15 00:50:39.058399,96779.85581503139,96779.85581503139,95579.0799320102,97306.56230026371,94675.21600936602,772086
2025-08-18 00:50:39.058399,96946.94228503697,96946.94228503697,96635.80258327504,97229.99578563153,96187.03527867228,619553
2025-08-19 00:50:39.058399,95425.06407865061,95425.06407865061,96778.18873861179,97856.70118973451,95093.57723930509,851346
2025-08-20 00:50:39.058399,96098.00715938806,96098.00715938806,95527.53120343907,96543.11105912518,94595.76294399424,291603
2025-08-21 00:50:39.058399,95628.53823190196,95628.53823190196,95994.32232176483,96091.16516742947,94959.82099859243,164738
2025-08-22 00:50:39.058399,95478.5320072169,95478.5320072169,95219.58283754773,95975.28946048694,95207.50837755817,811611
2025-08-25 00:50:39.058399,98026.96936287041,98026.96936287041,95481.27938202198,98466.19677220604,95478.72991558102,740227
2025-08-26 00:50:39.058399,97508.62374674133,97508.62374674133,97958.84778777846,98071.71108002745,97204.99105359254,370513
2025-08-27 00:50:39.058399,98943.75911378438,98943.75911378438,97458.31290953042,99512.45225345285,97121.50886674505,444354
2025-08-28 00:50:39.058399,99359.46535649263,99359.46535649263,99007.84270567786,99676.09291967931,98500.69202965929,859959
2025-08-29 00:50:39.058399,98501.6506894843,98501.6506894843,99169.92529243176,99551.24570420272,97943.26429478938,567889
2025-09-01 00:50:39.058399,98529.51624381456,98529.51624381456,98506.66991042126,98618.59957936095,98295.33605655759,785277
2025-09-02 00:50:39.058399,97517.67805122513,97517.67805122513,98617.50371817067,98976.5294029686,97397.540246193,347839
2025-09-03 00:50:39.058399,97542.3133873322,97542.3133873322,97610.01610214019,98090.66649909531,97079.20149952783,728768
2025-09-04 00:50:39.058399,97224.39509597658,97224.39509597658,97691.56369726002,98727.43610509372,97187.299419864,728335
2025-09-05 00:50:39.058399,96364.45372048569,96364.45372048569,97011.39627287429,97079.12619998645,96084.79933845969,925766
2025-09-08 00:50:39.058399,96440.86059642256,96440.86059642256,96647.81096172718,97686.36961569735,96310.09305635896,852572
2025-09-09 00:50:39.058399,94746.0176152166,94746.0176152166,96606.16279742519,96737.09064923975,94717.54732538508,749751
2025-09-10 00:50:39.058399,94632.56895820219,94632.56895820219,94912.80945149784,95489.0498343436,94527.51912315896,189085
2025-09-11 00:50:39.058399,95091.22195887772,95091.22195887772,94852.42209106547,95240.63486708861,94382.6217520744,433450
2025-09-12 00:50:39.058399,94545.7408935175,94545.7408935175,95457.11486121603,95943.48562114878,94527.05384689804,600905
2025-09-15 00:50:39.058399,94668.95642258492,94668.95642258492,94665.44966865948,94751.43517500347,94406.9201446778,717374
2025-09-16 00:50:39.058399,94728.66936047161,94728.66936047161,94839.2978670761,95302.13262357339,94407.5549585073,702972
2025-09-17 00:50:39.058399,96477.09851692455,96477.09851692455,94607.38669471204,97064.3653424997,94254.64744912942,326566
2025-09-18 00:50:39.058399,95874.84302354712,95874.84302354712,96580.22063941571,96912.0059457549,95551.77745037661,220088
2025-09-19 00:50:39.058399,97159.6054841607,97159.6054841607,95817.84573324176,97900.06605835304,95606.45975167242,211138
2025-09-22 00:50:39.058399,99709.57806762465,99709.57806762465,97139.68647492482,100123.16705509191,96855.46331521764,964681
2025-09-23 00:50:39.058399,100879.19663433492,100879.19663433492,99546.56353830696,101017.48019119709,99363.03458055508,727433
2025-09-24 00:50:39.058399,101129.08786517054,101129.08786517054,100928.41706232517,101146.33016021816,100742.02278570019,522235
2025-09-25 00:50:39.058399,99931.98068312902,99931.98068312902,100926.21133622593,101722.54940475214,99173.61041805244,101717
2025-09-26 00:50:39.058399,98615.98019974827,98615.98019974827,99903.76717269002,100282.48386529087,98158.60183400521,593051
2025-09-29 00:50:39.058399,97271.94282253331,97271.94282253331,98633.54199518352,98764.18528116363,96929.62300216555,644072
2025-09-30 00:50:39.058399,98246.60331550012,98246.60331550012,97452.96012999314,98480.91098206442,97227.55543871342,332092
2025-10-01 00:50:39.058399,99801.04018731817,99801.04018731817,97924.48007941322,100084.17024518903,97696.04679615007,873104
2025-10-02 00:50:39.058399,100126.34231551577,100126.34231551577,99387.19551645446,101025.28705144564,98733.40669437553,556930
2025-10-03 00:50:39.058399,99225.3734464917,99225.3734464917,100104.87474066528,100603.41849573127,99220.24307811458,722086
2025-10-06 00:50:39.058399,100424.71626124419,100424.71626124419,98961.97985897768,100719.99704784625,98379.48754059711,672103
2025-10-07 00:50:39.058399,100417.45679855692,100417.45679855692,100439.9378393393,100547.16656984636,100414.05800965536,208659
2025-10-08 00:50:39.058399,100862.49457277666,100862.49457277666,100508.24172978858,101681.61378696657,100242.17860268435,770796
2025-10-09 00:50:39.058399,101786.30947937618,101786.30947937618,100917.93164264676,102007.40215195307,100133.47754917148,263120
2025-10-10 00:50:39.058399,101841.69894328724,101841.69894328724,101404.98806601617,103197.65476991588,100917.18854621038,885060
2025-10-13 00:50:39.058399,102979.7618916117,102979.7618916117,101817.6195757456,103358.05193273126,101763.49876091989,124543
2025-10-14 00:50:39.058399,102891.91176609129,102891.91176609129,102861.62964443777,103074.08773673039,102787.55851245981,608131
2025-10-15 00:50:39.058399,101279.6726835393,101279.6726835393,103155.48065479244,104530.68273503058,101123.5965429143,941500
2025-10-16 00:50:39.058399,100414.07078521427,100414.07078521427,101002.3749327026,101011.73702547919,100358.16271491046,946545
2025-10-17 00:50:39.058399,98734.89587147358,98734.89587147358,100199.51819461022,100585.04586979156,98467.5142158028,155987
2025-10-20 00:50:39.058399,97128.88623321458,97128.88623321458,98823.92114365775,98848.08437660935,97031.47655452289,340932
2025-10-21 00:50:39.058399,98247.6788933034,98247.6788933034,96980.92683753758,99390.7129470741,96108.37329064388,765088
2025-10-22 00:50:39.058399,97948.36899635466,97948.36899635466,98140.54060739857,98750.85764377864,97914.11005812662,240491
2025-10-23 00:50:39.058399,98089.88504204479,98089.88504204479,97914.97471040093,98549.78706133727,97776.37014950323,433985
2025-10-24 00:50:39.058399,97538.59447460364,97538.59447460364,98061.05620222144,98317.10179868429,97467.32632585427,115608
2025-10-27 00:50:39.058399,97829.0693828024,97829.0693828024,97669.76144725052,98448.1563400403,97613.31097721725,897203
2025-10-28 00:50:39.058399,96658.88422070097,96658.88422070097,97935.3034105582,98830.2829297944,96029.57882044428,981304
2025-10-29 00:50:39.058399,96749.21459655336,96749.21459655336,96406.62242765214,96877.77279640887,96118.84107517477,114471
2025-10-30 00:50:39.058399,96712.93109980263,96712.93109980263,96607.62758979732,96990.90349942399,96061.97650383085,580773
2025-10-31 00:50:39.058399,95282.15752988146,95282.15752988146,96727.24483562671,97117.71015126677,94899.03686321327,929563
2025-11-03 00:50:39.058399,94110.10468620573,94110.10468620573,95473.88786189686,95646.37078356674,93914.78377442405,830778
2025-11-04 00:50:39.058399,93141.00435985322,93141.00435985322,93973.10024147114,94056.9378595771,92724.19310715584,229738
2025-11-05 00:50:39.058399,93120.85951660434,93120.85951660434,93101.2039688147,93129.58725593369,92961.14664087424,411689
2025-11-06 00:50:39.058399,93734.56036207327,93734.56036207327,92999.6741187686,94888.1881982734,92449.95831612055,149576
2025-11-07 00:50:39.058399,93899.32790869004,93899.32790869004,93587.34127369801,94014.97099331685,92944.8267547381,886621
2025-11-10 00:50:39.058399,93361.02416880424,93361.02416880424,93715.68077069147,94741.910779888,92847.01574593941,823538
2025-11-11 00:50:39.058399,92482.6946744562,92482.6946744562,93345.99755229274,93814.74045413457,92421.94384065863,312654
2025-11-12 00:50:39.058399,92101.42218733225,92101.42218733225,92674.97570206586,92829.86783031226,91194.28881635568,454782
2025-11-13 00:50:39.058399,92421.58888148499,92421.58888148499,91986.33139170907,92558.12621051075,91852.58289645788,377949
2025-11-14 00:50:39.058399,93247.62165512804,93247.62165512804,92284.66452076435,93656.77489759326,92071.33634318883,862080
2025-11-17 00:50:39.058399,92564.276555578,92564.276555578,93349.84304670143,94333.14217643983,92225.73482363395,698202
2025-11-18 00:50:39.058399,92501.02721850487,92501.02721850487,92561.80487663035,92712.55912561629,92470.9116837196,891792
2025-11-19 00:50:39.058399,92353.24968976382,92353.24968976382,92342.18106724252,92555.00532418775,91135.02231594773,249514
2025-11-20 00:50:39.058399,92992.41149168783,92992.41149168783,92081.5280318513,93023.9225918131,92039.62092218368,512157
2025-11-21 00:50:39.058399,91856.18833994115,91856.18833994115,93356.20534016956,94309.78385771667,90981.35267829044,259363
2025-11-24 00:50:39.058399,92349.11682522894,92349.11682522894,91704.00297740096,92898.79536054915,91629.15966687954,953080
2025-11-25 00:50:39.058399,93101.36649604987,93101.36649604987,92472.17216321902,93154.49125152541,92285.27393027434,838052
2025-11-26 00:50:39.058399,93148.62051914772,93148.62051914772,93126.80167600585,93434.44481351723,92366.98215815744,397602
2025-11-27 00:50:39.058399,93003.00343549556,93003.00343549556,93087.11737448553,93395.11087154012,92810.58104357283,967842
2025-11-28 00:50:39.058399,94296.43419153942,94296.43419153942,93110.04395652849,94567.28323567419,92879.12111101561,338828
2025-12-01 00:50:39.058399,92736.58655050442,92736.58655050442,94279.2765655225,94432.48820582282,92461.55779653856,208718
2025-12-02 00:50:39.058399,92570.78809829417,92570.78809829417,92877.39223226921,93192.07437158174,92414.7104624518,248696
2025-12-03 00:50:39.058399,91680.22856846917,91680.22856846917,92886.08293890457,93204.0941487,91275.35469786209,478927
2025-12-04 00:50:39.058399,92209.98843104737,92209.98843104737,91823.95938676264,92767.91008876164,91469.39300126513,123639
2025-12-05 00:50:39.058399,91328.66496477205,91328.66496477205,92277.26796395407,93001.40555929429,91200.45149197355,789014
2025-12-08 00:50:39.058399,90011.59033191498,90011.59033191498,91582.1868153728,92093.21469537014,89502.39009574142,908511
2025-12-09 00:50:39.058399,90998.12031897309,90998.12031897309,90137.85877399353,91349.06782394553,90115.00942075081,217181
2025-12-10 00:50:39.058399,92423.75428534024,92423.75428534024,91102.84446297445,92580.46800924168,90683.45606360404,305028
2025-12-11 00:50:39.058399,94015.28964151419,94015.28964151419,92895.68128183926,94418.10874058469,92463.17639996907,261066
2025-12-12 00:50:39.058399,93871.16700634045,93871.16700634045,94225.74876116094,94395.49691167948,93296.2318161579,110775
2025-12-15 00:50:39.058399,94391.78013044475,94391.78013044475,93799.72453776452,95050.561509254,93778.31766196513,915246
2025-12-16 00:50:39.058399,94107.30494246482,94107.30494246482,94658.08468230302,94731.85723137173,93422.60968342688,895147
2025-12-17 00:50:39.058399,93808.2211665034,93808.2211665034,94254.3308884927,94839.70608392505,93805.17895084583,291722
2025-12-18 00:50:39.058399,93123.5440551924,93123.5440551924,93815.02777844714,94209.60278965053,92961.16887122863,960577
2025-12-19 00:50:39.058399,93569.54577234527,93569.54577234527,93077.56276184201,94401.97070435333,92716.72248170424,281755
2025-12-22 00:50:39.058399,92450.4739473521,92450.4739473521,93893.9620313659,93964.53471032089,92280.05242631493,737447
2025-12-23 00:50:39.058399,92348.0919363607,92348.0919363607,92376.15443208102,92550.44479195621,91909.44987595693,275187
2025-12-24 00:50:39.058399,91735.04034459298,91735.04034459298,92041.40040989265,92149.3941601281,91567.41020141653,468508
2025-12-25 00:50:39.058399,90509.14660321052,90509.14660321052,91825.56566456617,92231.7715826534,90303.48576287043,761658
2025-12-26 00:50:39.058399,89568.20571530829,89568.20571530829,90337.60359363272,90464.02106619123,89518.9788771918,905887
2025-12-29 00:50:39.058399,88376.08622083974,88376.08622083974,89411.42962683838,89743.22815633709,87705.30140626626,148145
2025-12-30 00:50:39.058399,88463.52470252763,88463.52470252763,88473.87141546715,88704.19970799555,88132.99915079353,376745
2025-12-31 00:50:39.058399,89326.41084499325,89326.41084499325,88402.0887319121,89522.91854665815,87824.55173762425,300505
2026-01-01 00:50:39.058399,90737.44412164165,90737.44412164165,89471.7962420538,90910.47331344798,88887.30210004559,735594
2026-01-02 00:50:39.058399,90353.57603894881,90353.57603894881,91141.94401405862,91401.78916740642,89846.86039499345,371191
2026-01-05 00:50:39.058399,90425.28722038181,90425.28722038181,90565.47501790091,90575.23212209929,89580.08328493206,256651
2026-01-06 00:50:39.058399,90111.93383144046,90111.93383144046,90743.17557086042,91134.24784953347,89131.00667883997,640632
2026-01-07 00:50:39.058399,90079.3359820783,90079.3359820783,90008.55096059846,90880.30545196672,89264.01142799326,621952
2026-01-08 00:50:39.058399,91480.81680314719,91480.81680314719,89901.77482716805,91946.59748533588,89283.09570829078,921111
2026-01-09 00:50:39.058399,90482.75550967589,90482.75550967589,91490.87083960035,91681.92181813314,90311.13279319166,833997
